khach_cmt,rating,shop_phan_hoi,shop,dvvc,sản phẩm
quần vải bóng. mặc vài lần khả năng sẽ xùi lông. phù hợp giá tiền. mua mặc 1 mùa cũng ok,4,,0,0,2
"sản phẩm như hình. giao hàng nhanh. mình mua lần này là lần 2 rồi chất vải khá mỏng, video là quần mình mua lần đầu mua 4 cái thì 1 cái thì bị chỉ bung ra nhiều. nói chung tiền nào của đó í mọi người.",4,,0,1,2
"giao hàng nhanh, quần cũng ok, nói chung là nên mua nhé mọi người",4,,0,1,2
"chất liệu quần mỏng khá mỏng, mỏng như quần âu. co giãn nhẹ. gấu quần bo mà như không. mùa đông mặc sẽ bị lạnh. chất lượng vậy cũng tương xứng giá tiền.",4,,0,0,2
"hàng phù hợp với giá tiền, mỗi tội cùng xl mà cái rộng cái chật hơn. nhưng ok vẫn dùng tốt",4,,0,0,1
"sản phẩm thứ 2 mình ủng hộ shop, chi tiết bên ngoài không tồi nhưng lần này chỉ thừa tùm lùm làm mình chưa ưng ý hoàn toàn, mới nhận nên chưa đánh giá nhiều nhưng lần này đã khắc phục giao hàng nhanh và đường chỉ sọc, không cho 5 sao vì có vẻ vải mỏng hơn quần trước",4,,0,0,2
shop giao nhầm 1 mẫu quần. nên cho 4 sao thui. quần mặc khá vừa vặn. vài hơi mỏng. nói chung là cũng được.,4,,1,0,2
"vải mỏng , nhưng tiền nào thì của nấy thôi, đặt đơn 12/12, nhưng bên shope vẫn chưa duyệt, đến tận 17/12 mới duyệt đơn, bên vận chuyển thì giao nhanh",4,,1,1,1
"chất lượng sản phẩm rất rất ổn trong tầm giá, shop đóng gói cẩn thận nhưng hơi mỏng",4,,1,0,1
"mình đặt 2 cái xl thì chuyển 1 m, 1 xl, chán ghê. còn chất lượng thì ok",4,,1,0,2
"giao hàng nhanh, đóng gói cẩn thận. vải ok, phù hợp giá tiền",4,,1,1,1
"hình ảnh minh họa. quần mỏng, chất tạm được. form hơi rộng. nói chung tạm được",4,,0,0,2
"giao hàng nhanh đóng gói cẩn thận, mình đã mua của shop và quay lại mua lần 2.",4,,1,1,0
quần khá đẹp. mình mua rộng hơn một size cho dễ mặc. có điều vảo hơi mỏng,4,,0,0,2
hàng giống hình nhưng chất liệu không ưng lắm. giống đồng phục thể dục hơn.,4,,0,0,1
"shop giao hàng nhanh nhưng quần vải hơi mỏng không được dày dặn, áo thì ok",4,,0,1,1
"sản phẩm ok, chất lượng tuyệt vời, giá cả phải chăng, khỏi phải nói",4,,0,0,1
"quần chất vải dễ bám bụi, mình đặt 3 cái 3 mẫu khác nhau nhưng shop giao nhầm cho 2 cái giống nhau, thôi ngại đổi nên dùng tạm cũng được",4,,0,0,2
sản phẩm phù hợp với giá tiền hình ảnh chỉ mang tính chất nhận xu,4,,0,0,2
quần chất mỏng hơn lô trước mua hơi thất vọng nhưng tại mua quen bên shop nên. Không muốn đổi trả,4,,0,0,2
sản phẩm y hình. chất vải mỏng. phù hợp giá tiền. giao hàng nhanh.,4,,0,1,1
vải mặc 1 lần là sờm.chắc chắn là sẽ không mua lại.giá cả cũng không phải quá rẻ.nhưng chất lượng khá chán,4,,0,0,1
"giao hàng cũng nhanh, nhưng quần hơi mỏng không được dày dặn cho lắm,",4,,0,1,2
"chất vải cũng được, co giãn thoải mái nhưng form thì không chuẩn lắm. Chồng mình toàn mặc size l nhưng đặt l thì lại rộng quá.vote điểm cho giao hàng nhanh!",4,,0,1,1
"tạm ổn so với giá săn sale! nếu săn được giá thấp hơn nữa thì là ok so với giá, mình thấy cũng tạm ổn nhưng chồng mình không thích vì mỏng",4,,0,0,2
"quần đẹp, mải láng, mịn, không bị xù. hơi mỏng 1 chút nhưng vẫn ổn so với giá. quần không bị lỗi. giao hàng hơi chậm.",4,,0,1,2
chất lượng vãi hơi mỏng nhưng nói chung với giá này cũng tạm ổn. hình ảnh sao khi giao cũng giống vậy,4,,0,0,2
ship nhanh mua hộ nên không rõ chất lượng sản phẩm,4,,0,1,1
"giao hàng khá nhanh. sản phẩm đẹp, phù hợp với giá tiền",4,,0,1,1
sản phẩm tốt nhưng bị lỗi mà shop vẫn gửi cho mình hơi thất vọng,4,,1,0,2
quần mỏng phù hợp với giá tiền. nếu bạn nào cao và gầy muốn mặc rộng thì đo xem quần của mình rồi chọn theo chiều dài là được nhé…,4,,0,0,2
giao hàng nhanh từ hà nội về hải phòng trong 1 ngày chất liệu oke nhưng không giống trong ảnh,4,,0,1,1
"quần may trượt vải hơi nhiều shop ơi! giờ phải ngồi khâu lại, shop cố gắng để ý kiểm tra hàng nhé.",4,,1,0,2
hình ảnh mang tính chất nhận xu. chất lượng sản phẩm khá là ưng ý,4,,0,0,2
hàng hóa ok với mức giá. chỉ thừa còn nhiều nhưg chịu khó cắt vậy. vài đường mai bị rút chỉ phải may lại,4,,0,0,2
mặc vừa chất liệu hơi mỏng chút nhưng mà mặc trời mat nát thì ok,4,,0,0,1
"hàng giao đúng mẫu, vải hơi mỏng nhưng với giá tiền này thì chấp nhận được",4,,0,0,1
"vải đẹp, dày dặn. mặc vừa rất ok. giao hàng hơi lâu",4,,0,1,2
quần khá là đẹp nhưng hơi dài tiền nào của đó khá oke,4,,0,0,2
thun ok giản tốt mát nhưng khúc đầu gối bị xù không bị lỗi hay như thế nào nhưng vì đã từng sử dụng sản phẩm rồi khá hài lòng nên ủng hộ tiếp vơi lại mặt trong nhà cũng không quan trọng lắm,4,,0,0,2
"giao hàng nhanh vải dày, chỉ thừa rất nhiều, đường may không đẹp như lần trước mua.",4,,0,1,1
"quần ổn, ok so với giá. mặc nhanh bị xù nhưng mà giá thế thì ok, cũng là 2xl mà quần này bé hơn nhiều so với quần 3 sọc ngang",4,,0,0,2
"vải mỏng hơn mình nghĩ, sọc thun chứ không phải nhựa bóng . giá tiền đi đôi với chất lượng.",4,,0,0,1
quần phai màu shop ạ. Mình đã con nhỏ ngại giặt tay. mà giờ quần này lại không giặt máy chung được rồi. quần có đường sồi xước dài và lộ quá. shop lần sau để ý trước khi đóng gói hàng nhé,4,,0,0,2
giao hàng lâu quá. m77 73kg mặt vừa. vải thô hơi mỏng co giãn nhẹ,4,,0,1,1
"quần chẹt ống chân, không thể cho chân qua được lại phải cho bố mặc. kích cỡ lớn rồi mà không vừa",4,,0,0,2
"chất nhũn không đanh đường may không tạm được, chỉ thừa nhiều. shop giao hàng nhanh quần vừa vặn.",4,,0,1,2
dùng theo thời gian mới biết được sản phẩm như thế nào nhé các ban .không nên gửi hàng lỗi,4,,1,0,1
"vải mỏng mịn phù hợp mặc mùa hè , nhiều chỉ thừa .….",4,,0,0,1
"giao hàng nhanh, chất vải mỏng nhưng giá rẻ vậy nên mình cũng không ý kiến ",4,,0,1,1
"mặc vừa như in, mình m6 hơn mà vẫn vừa, quần mặc phù hợp chơi thể thao, hơi mỏng, phần cổ chân độ giãn ít bó chặt quá lúc mặc vào hơi khó, nói chung ổn khá ok rồi",4,,0,0,2
"đặt quần bo gửi mình quần không bo trừ 1 sao, tuy nhiên chất đẹp so với giá tiền! ",4,,1,0,2
"mua lần 2 lần đầu vải đẹp , lần này vải hơi mỏng so với đợt cũ hơi thất vọng hy vong làm vải như cũ sẽ ủng hộ thêm",4,,0,0,1
quần đặt 2 kiểu cùng size 1 cái vừa 1 cái rộng như bao tải ,4,,0,0,2
chất đẹp vì mua lần 2 nên không nhận xét cũng không kịp chụp ảnh. khá ưng thanks shop ,4,,0,0,1
hàng oki chất mịn hợp giá tiền hơi bó chân ống rộng chút nữa đẹp. hơi bó như con gái ,4,,0,0,2
"sản phẩm đẹp, vừa vặn, shop giao hàng nhanh, sẽ ủng hộ tiếp.",4,,0,1,2
"quần may có lỗi ở phần sọc quần, thiếu chỉ còn vải vóc và form ok tầm giá, có điểm cộng là giặt khá nhanh khổ",4,,0,0,2
"mua cái đầu chất đẹp cho 5* nên mình quay lại mua tiếp cái thứ 2 phân loại khác cơ mà chất vải khác, còn nhiều chỉ thừa, bị bục chỉ không như cái đầu tiên mua nên cho 4 sao nhé.",4,,0,0,1
về vải thì oki còn về thiết kế không giống với hình,4,,0,0,1
"quần mỏng, mặc nhà thì được chứ trời rét mặc ra ngoài trời không hợp",4,,0,0,2
"giao hàng nhanh, thân thiện nhưng quần hơi mỏng nên chưa chim ưng cho lắm",4,,0,1,2
quần khá mỏng,4,,0,0,2
.,4,,0,0,0
quần hơi mỏng nhưng so với giá tiền như này là ổn rồi đó mọi người ạ. chúc mọi người có những trải nghiệm thú vị với shop,4,,0,0,2
sản phẩm ok.! Nhân viên ship hàng xưng mày cho 4 sao shop để shop cho nhân viên ship chỉnh sửa,4,,0,1,1
"rẻ, mặc được, nên mua.hình ảnh mang tính nhận xu, nhưng trừ 1 sao vì túi quần chưa mặc đã rách 2 bên",4,,0,0,2
"sản phẩm ok. size m hơi nhỏ so với bạn 47kg nhà mình, bị cộc, hơi bó.",4,,0,0,1
"chất quần khá ok nhưng bị túi mỗi bên 1 màu thế này ạ, quần nam mà cho túi màu tím , không có vấn đề lắm nhưng thực sự nhìn không ưng ",4,,0,0,2
sản phẩm ổn so với giá bên ngoài giá thành cũng ok so với bên ngoài,4,,0,0,1
"giao hàng nhanh, tiền nào của ấy, đường may quần bo co kéo không thẳng, nói chung là tiền nào của nấy ",4,,0,1,2
đồ đẹp vừa giá tiền có điều shop nên gói hàng kỹ tý giao tới nơi rách bọc vào trong áo luôn .,4,,1,0,1
sản phẩm ổn so với giá tiền. form quần bình thường. tiền nào sản phẩm như vậy. .,4,,0,0,2
đồ ok phù hợp với giá tiền chất cũng ổn dù không dầy lắm .,4,,0,0,1
"hàng đẹp, mới mặc thử thấy vừa riêng size m hơi chật, hi vọng mặc tập thể dục không nóng",4,,0,0,1
"mình mua 4 cái mà shop giao 1 cái bị lỗi, sớ vải bị rút tưa dễ sạc.không biết shop cố tình hay vô tình nhưng mình mong shop lần sau có giao cho khách thì đúng hàng không bị lỗi .",4,,1,0,1
đã mua của shop 2 lần. chất vải oke. mỗi tội lần này sao quần bị đứt đường chỉ may. và hơi nhiều chỉ thừa. nên cho tạm 4 sao thôi. bục thế này mặc sẽ k bền. nói chung tạm được vì giá cũng rẻ. giao nhanh,4,,0,1,2
"quần mặc thì bình thường , chỉ thừa siu siu nhiều . ngồi cắt chỉ thừa mà mệt ghê luôn á",4,,0,0,2
cũng được nhưng đường may không chắc sợ mặc vài lần tuột chỉ rách,4,,0,0,1
chỉ thưa hơi nhiều mọi người nên mua rộng hơn 1 size nhe,4,,0,0,1
"đã nhận được hàng sản phẩm rất đẹp chất liệu giống như hình, rất là tuyệt vời",4,,0,0,2
hàng đẹp.đáng mua. tuy nhiên quần bị sứt chỉ nhiều quá. tạm hài lòng,4,,0,0,2
"hàng ship hơi chậm tí thui nhưng mà bù lại quần được quá ạ, đúng như trong hình",4,,0,1,2
"mua 1 sọc đen, 1 sọc trắng. nhưng chắc là shop hết đen, quăng luôn cho 2 trắng. không ưng lắm nhé ! ",4,,1,0,0
"hàng khá đẹp nhưng chắc shop không kiểm tra trước khi giao nên bị như ảnh, để 4 sao rút kinh nghiệm lần sau",4,,1,0,2
"giao hàng nhanh ,1 quần thì ok ,1 quần thì mỗi bên 1 màu nhìn chán lắm luôn , nhưng có mấy chục nên không đổi",4,,0,1,2
mua 2 cái thì giao sai 1 mẫu.nhắn tin thì shop giải quyết chậm.chồng mình lại không thích bo gấu.đặt 1 bo 1 không mà giao cả 2 bo,4,,1,0,0
"chất vải, form quần ok. nhưng shop gửi hàng bị lỗi phần sọc trắng và may chắp vá xấu.",4,,1,0,1
"chất quần dày nhưng hơi mùi,giặt xong hơi bị xù, dùng 1 thời gian xem thế nào đã. chọn bừa ảnh để lấy xu",4,,0,0,2
"chất sờ thích hàng tạm được , hàng giao nhanh , cho shop 4 sao nhé ",4,,0,1,2
"giao hàng lâu, vải quần hơi mỏng, phù hợp giá tiền hình ảnh mang tính chất nhận xu",4,,0,1,1
,4,,0,0,0
thời gian giao hàng khá là lâu. bù lại thì chất lượng sản phẩm tốt,4,,0,1,1
vải mỏng giá rẻ giao hàng nhanh đóng gói ổn giá cả không mong gì nhiều,4,,0,1,1
"tạm ổn, với già này thì được vậy cũng tốt rồi ạ",4,,0,0,2
quần đẹp giá cả ok vải là vải mát nên mùa đông mặc sẽ hơi lạnh hợp mùa thu hơn,4,,0,0,2
"quần đẹp giao hàng nhanh và đúng size, shiper rất nhiệt tình, rất đáng tiền",4,,0,1,2
giao hàng hơi lâu xíu quần 3xl mà mặc nó như là size m ý,4,,0,1,2
"vải mỏng hơn mình nghĩ, nhưng giá như vậy là hợp lý rồi không đòi hỏi thêm.",4,,0,0,1
áo sờn chỉ. còn lại tạm được. ủng hộ shop 4 sao,4,,0,0,1
quần hơi mỏng,4,,0,0,2
đặt size m l thì thấy 2 cái bằng nhau một cái m bị lỗi túi với khoá kéo nói chung tiền nào của đấy .hàng như thế là ok,4,,0,0,2
quần quá mỏng,4,,0,0,2
hàng như hình nhưng phần cổ chân hơi chật đút chân vô còn chật nhé,4,,0,0,2
chất vải so với giá tiền thì ok .đường may không được đẹp,4,,0,0,1
vải đẹp dầy dặn. nhưng mua hai quần khác nhau thì lại giao hai cái giống nhau buồn đáng lẽ là 5 sao nhưng do giao không đúng nên trừ một sao,4,,1,0,2
"chất lượng phù hoạp với giâ tiền. nhưng túi quá nông, đút cái chìa khoá mà nó vắt ra đùi bên hông, đút điện thoại không vừa, đi bị cấn hết lên mạn sườn",4,,0,0,2
quần khá mỏng và ống không bó tuy nhiên trong tầm giá thì cũng không đòi hỏi được nhiều,4,,0,0,2
"chất lượng vải bình thường trong tầm giá, chắc là sẽ xù. mua về mình đem giặt luôn và thấy nước bị phai màu đen ngòm túm lại là không được ưng ý, hàng rẻ tiền thì chỉ được như vậy thôi",4,,0,0,1
ok,4,,0,0,1
hàng thì khá ok. nhưng mà giao hàng lâu quá !,4,,0,1,1
size hơi bé! mọi người có thể chọn to hơn size cũng được nha,4,,0,0,1
quần rất đẹp ạ nhưng dính cái gì trắng trắng không làm sạch được ạ,4,,0,0,2
đặt lần 2 giao đúng size.good,4,,1,0,0
"gần 1m6 nặng 54kg, bắp chân hơi lớn nên mua size m thì mặc bó chút, size l thì ok nhưng hơi dài, nhưng hàng khá ok, giao nhanh và mặc ổn, mua 5 cái rồi thấy được",4,,0,1,1
đẹp nhưng vải hơi mềm phù hợp với giá tiền quần hơi bị lệch,4,,0,0,2
"chất vải hợp với giá tiền,ống quần không giống nên cho 4 sao",4,,0,0,2
hỏi mỏng nhưng phù hợp với giá tiền,4,,0,0,1
chất liệu ổn hợp giá túi nhưng có hơi tí mỏng,4,,0,0,2
"chất lượng đúng với giá tiền. ưu điểm giao hàng nhanh, hôm qua đặt nay có hàng. nhược điểm chỉ thừa khá nhiều",4,,0,1,1
bung chỉ đũng quần và hơi mỏng nhưng hơn 50k thế là ok rồi,4,,0,0,2
hàng đẹp nhưng hơi mỏng .mặc được 3 lần bị rút vải hở cả quần sì.,4,,0,0,2
chất vải quần không dày cũng không mỏng quá đủ dùng nhưng chưa mặc mà chỉ ở đai quần đã xổ hết chỉ thì giặt 1 thời gian là đai quần không còn 1 tí chỉ luôn nhưng giá vậy cũng không đòi hỏi quá nhiều về sản phẩm cho 4*,4,,0,0,2
"vải hơi mỏng, đường may không được chắc chắn lắm. nói chung phù hợp với giá tiền",4,,0,0,1
shop phục vụ nhiệt tình.cơ mà quần hơi mỏng nhưng với giá như thế thì quần cũng được,4,,1,0,2
"1 quần bị lỗi séc túi, séc chưa được may bung 1 nửa còn cơ bản là ổn.",4,,0,0,2
"mình đặt 3 áo cùng size 2xl mà chỉ 1 áo mặc vừa, 2 áo chật, không hài lòng cho lắm. những mẫu mã và chất liệu vải như hình, phù hợp giá tiền.",4,,0,0,1
sản phẩm được ống quần hơi nhỏ khó để sỏ chân,4,,0,0,2
size l quá bé ai mà chân to lên mua xl hoặc to hơn chứ l bé lắm,4,,0,0,2
"quần đẹp , vải dày , có điều quần hơi dài xíu , trước khi đặt không biết chất lượng như ý hay không , nên đặt có 1 cái giờ thấy tiếc giờ đặt lại tốn phí ship",4,,0,0,2
"tiền nào của đó, rẻ nhưng chất vải mỏng. cũng bình thường so với giá cả thì không phải ngon bổ rẻ.",4,,0,0,1
chất lượng ok nhưng hơi thắc mắc tại sao 3 cái túi khác chất nhau 1 cái giống như giấy,4,,0,0,2
hàng ok nhé mọi người,4,,0,0,2
chất ok nhưng may ẩu quá. lệch đường may quá nhiều. nhưng nòi chung cũng ổn,4,,0,0,2
quần hơi ngắn nhưng chất vải đẹp khá ưng,4,,0,0,2
hơi chật. nhưng cũng được.,4,,0,0,1
size hơi bé. mình nặng 75 cân nhưng mặc size to nhất mới vừa. vải cũng tạm ổn,4,,0,0,1
quần bị sứt chỉ nhiều nên rách. có liên hệ với shop và shop kêu mình đi ra tiệm đạp chỉ lại rồi shop hoàn tiền. shop phản hồi khách tốt. cho 4* nha vì vải quần cũng không đẹp lắm,4,,1,0,2
sản phẩm đúng giá mặc đẹp hơi mỏng nhưng không sao mỗi tội bục chỉ hơi nhiều cho 4 sao,4,,0,0,2
giao hàng lâu. hàng cũng bình thường quần mỏng. Nói chung so với giá tiền không phải rẻ.,4,,0,1,1
quần không phải chất umi và đũng hơi dài. nhưng cũng được với giá tiền,4,,0,0,2
"mua lần 2 mới vừa, shop ghi 78-85kg mà mình 75kg còn chưa rộng.",4,,1,0,0
dây buộc quần không co giãn cứng như dây thừng. thà không làm thì thôi,4,,0,0,2
rách mất rồi,4,,0,0,1
quần đẹp nhưng vải hơi mỏng. mang mùa lạnh sẽ không ấm. ,4,,0,0,2
"vải được, may hơi ẩu, đường may đũng không cân đối 2 bên, mặc bị lệch",4,,0,0,2
giá như tư vấn lấy 2 màu thì tốt,4,,1,0,0
"quần đẹp khá ổn, nhưng mình đặt 2 cái sọc thẳng, mà lại giao mình 1 cái sọc thẳng, 1 cái sọc ngang nên trừ 1*",4,,1,0,2
"gần giống như mô tả, xl hơi rộng xíu nhưng sản phẩm ổn, quá ổn với hàng giá rẻ",4,,0,0,1
"sản phẩm ok, mỗi tội bo gấu hơi rộng.em cao 1m60 nặng 53kg mặc size l hơi rộng. nói chung với giá tiền đó ok. ủng hộ shop",4,,0,0,2
"chất vải bị xổ , nói chung cũng bình thường",4,,0,0,1
mẫu mã đẹp vải nhìn đẹp nhưng chất lượng hơi kém vừa mặc 2 hôm đã bị nhăn và vải bị bong ,4,,0,0,2
"sản phẩm khá giống hình, tuy nhiên không bó giống trong ảnh. sẽ ủng hộ shop lần sau.",4,,0,0,1
dây chun quần không co dãn không khác gì dây giày còn mọi thứ đều tốt . chỉ không hài lòng về dây quần ,4,,0,0,2
ống hơi chật nhé,4,,0,0,2
lần thứ 3 mua của shop thấy ok nhưng bị một cái chỉ thừa nhiều,4,,0,0,2
đặt 2 cái xl mà nhận chỉ có 1 cái xl còn 1 cái còn lại thì 2xl vải thì ok,4,,1,0,0
"đường chỉ còn lỗi nhiều nhưng chất liệu ổn, kiểu dáng gọn nhẹ. nói chung cũng ổn so với giá tiền! may cẩn thận chút nữa thì ok. sẽ mua tiếp",4,,0,0,1
"quần đẹp, mà gấu bo không được tốt cho lắm nhỉ, mình cứ tưởng ống bo sẽ dày ",4,,0,0,2
"chưa mặc thử, nhìn qua thì có vẻ quần ok so với giá",4,,0,0,1
vải mỏng,4,,0,0,2
"mình đặt 2 chiếc cỡ l , 1 chiếc chật , 1 chiếc vừa. shop lưu ý giùm",4,,1,0,1
"hàng mặc rất vừa, chất vải cũng được và đường chỉ cũng chẵc chắn",4,,0,0,1
quần đẹp. phù hợp với giá tiền. nhưng giao hàng chậm hơn so với dự kiến. 4 sao nha shop.,4,,0,1,2
quần cũng khá đẹp không được dày lắm nhưng cũng ok,4,,0,0,2
"hơi mỏng, với giá tiền thế thì ok",4,,0,0,1
"vải mỏng, form bé nha mọi người",4,,0,0,1
ok,4,,0,0,2
chất không được đẹp lắm tạm thôi,4,,0,0,1
hơi mỏng tí,4,,0,0,1
so với giá tiền thì cũng được,4,,0,0,2
hơi ngắn 1 chút,4,,0,0,1
vải hơi mỏng hơn mong đợi,4,,0,0,2
phần phía dưới không được bó lắm nha mọi người,4,,0,0,1
quần hơi mỏng,4,,0,0,2
hơi mỏng,4,,0,0,1
hàng mặc cũng được.phù hợp với giá tiền,4,,0,0,2
cũng được,4,,0,0,1
cũng được,4,,0,0,2
hơi dài quá,4,,0,0,1
sản phẩm ok,4,,0,0,2
đợt này chất mỏng,4,,0,0,1
hàng tạm ổn,4,,0,0,2
"mình 44kg mặc hơi lỏng, mà vẫn chấp nhận được",4,,0,0,1
tương đối,4,,0,0,2
hợp với giá tiền,4,,0,0,1
tạm được,4,,0,0,2
vải cũng ok nhưng sản phẩm không giống mẫu ạ,4,,0,0,1
tạm,4,,0,0,2
nói chung mặc ổn áp,4,,0,0,1
"quần mặc vừa, đẹp, giao hàng nhanh.",4,,0,1,2
tạm được,4,,0,0,1
ok,4,,0,0,2
quần đẹp nhưng hơi mỏng nha quý dị,4,,0,0,2
ổn với giá tiền,4,,0,0,1
cũng tạm nếu không muốn nói là dởm,4,,0,0,1
hàng rất ok,4,,0,0,2
quần tạm được .,4,,0,0,2
"chất vãi ok, giao quần không giống hình",4,,0,0,2
giao hàng chậm,4,,0,1,0
"quần mỏng , bị sờn chỉ hơi thất vọng",4,,0,0,2
tạm được,4,,0,0,2
oki,4,,0,0,1
shop giao sai size,4,,1,0,0
quần chất mỏng. nói chung tiền nào của đấy,4,,0,0,2
chất ok nhưng mua 2 cái túi quần đều bị thủng ,4,,0,0,2
rất đẹp rất tốt nhưng vãi hơi mỏng,4,,0,0,1
chất lượng phù hợp với giá cả,4,,0,0,1
"vải hơi mỏng, nhưng tầm giá thế là ok",4,,0,0,2
tạm ổn trong tầm giá,4,,0,0,1
chỉ thừa hơi nhiều,4,,0,0,2
.,4,,0,0,0
nhanh,4,,0,1,0
hì,4,,0,0,0
quần mặc 1 lần đã xù lông.,4,,0,0,2
tư vấn size không chuẩn,4,,1,0,0
phù hợp giá tiền,4,,0,0,1
ổn nha ae ,4,,0,0,2
giao hàng hơi chậm nhưng chất lượng vải quá ok ,4,,0,1,1
hơi mỏng túi không có khóa. không như mong đợi,4,,0,0,2
vải hơi mỏng,4,,0,0,2
may không cẩn thận thừa nhiều chỉ,4,,0,0,1
"hơi mỏng so với tưởng tượng, còn lại vải mềm, êm.",4,,0,0,1
"quần vừa vặn, co dãn tốt, hơi bí 1 chút",4,,0,0,2
hàng bị phai màu khi giặt,4,,0,0,1
tiền nào của đấy.,4,,0,0,2
quần được nhưng hơi bị rộng.buồn quá ,4,,0,0,2
quần ống to ống nhỏ là sao ,4,,0,0,2
mỗi tội giao hàng chậm ,4,,0,1,0
chất lượng vải túi chưa được tốt. ,4,,0,0,1
"giao hàng nhanh, vải không được dày lắm",4,,0,1,1
bình thường phù hợp với giá,4,,0,0,1
vải mịn nhưng hơi mỏng nhưng với giá thì ok,4,,0,0,2
"quần hơi mỏng , giao hành nhanh gói hàng kĩ .",4,,0,1,2
hơi thích 1 tẹo ,4,,0,0,1
ok mà sai hơi nhỏ,4,,0,0,1
"quần đẹp, vải oke ạ. giá như vậy thì rất oke ạ",4,,0,0,2
tạm,4,,0,0,1
cũng được anh em ạ,4,,0,0,1
quần rất ok ,4,,0,0,2
ok,4,,0,0,1
,4,,0,0,0
"giống ảnh, nhưng phải nói là chất rất xấu, mặc lên sẽ không đẹp",4,,0,0,1
"hàng giao nhanh, đúng mẫu nhưng chất vải không ưng lắm, cho shop 4 sao thôi",4,,0,1,1
hàng ổn nha giao nhanh lắm chất lượng thì có 1 vài chỉ thừa hết rùi,4,,0,1,2
"quần rất đẹp nha mọi người, nên mua để ủng hộ shop. hình ảnh chỉ mang tính chất nhận xu nha",4,,0,0,2
khá ổn nhưng hơi dơ xíu,4,,0,0,1
mình 60kg m70 thì mặc vừa chất liệu ổn không có chỉ thừa nhưng giao hàng lâu lên cho 4 sao thôi,4,,0,1,1
"mình đã đặt hai quần đen nhưng shop lại giao cho mình 1đen 1 hồng , mua cho con trai mặc tết mà shop giao quần hồng",4,,1,0,2
"quần siêu đẹp luôn nha mọi người chất quần hồng thì sẽ thô và dày hơn quần trắng,quần trắng tuy mỏng hơn tẹo nhưng mà chất siêu đẹp không lộ đâu nha mọi người,lần thứ 2 mua của shop rồi,rất đẹp luôn nhưng mà mỗi tội quần trắng của mình dính một vệt bẩn dài giặt mãi không hết và phần chữ may hay xấu",4,,0,0,2
"đóng gói chắc chắn , không giống hình cho lắm ,chất liệu ổn , giá cả phù hợp",4,,1,0,1
hàng chất lượng được giao hàng nhanh shop cũng ok form không chuẩn lắm mặc vào nhìn hơi gầy ảnh và video mang tính chất nhận xu,4,,0,1,1
"vải có vẻ hơi nóng í nhưng mà mình thấy quần khá đẹp, với giá tiền này thì như thế là hợp lí rùi ạ",4,,0,0,2
"quần hơi nhiều chỉ thừa, phần chữ thêu chưa được hoàn thiện tốt cho lắm, nhận quần có 1 nốt đen lạ trên quần. nhưng chất quần co dãn tốt, giao hàng nhanh, quần lên form đẹp. chúc shop cố gắng hoàn thiện sản phẩm hơn",4,"shop cảm ơn bạn nhiều, shop sẽ cố gắng hoàn thiện sản phẩm đẹp hơn nữa, chất liệu quần rất đẹp shop cảm ơn bạn mong bạn ủng hộ shop ",0,1,2
quần giống hình y chang luôn mỗi tội là còn ít chỉ thừa mình cao m7 nặng 57 size l mà hơi bé,4,,0,0,2
vải khá mỏng mặc vào mùa hè thì được dáng quần không ưng í lắm đi với giày thì quần không được đứng form hơi thụng mình có cảm giác giống quần thể dục,4,,0,0,2
"shop giao hàng nhanh mà đẹp lắm luôn nha . quần không dày cũng không mỏng , mặc cực thích luôn. 1m67 size xl thoải mái nha vừa xinh luôn. nhưng bị xù lông các bạn ạ, mới mặc 1 lần mà xù luôn rồi",4,,0,1,2
"vảo hơi bóng, mỏng, tạm được, còn chút chỉ thừa thôi khá ổn nhé",4,,0,0,1
"quần y hình, chất ok, quần rẻ mà đẹp, tuy nhiên giao hàng cực kì lâu, cùng hn giao hn mà 1 tuần mới nhận hàng, lâu hơn cả đơn quốc tế",4,,0,0,2
"quần tạm ổn, dùng để học thể online. mặc mát nhưng không tôn dáng lắm.",4,,0,0,2
"shop giao nhầm quần, may mà quần giao nhầm cũng là màu đen, chất lượng hàng ok, hơi thủng một tí ở mé chữ, giao nhanh, nói chung cũng đáng tiền",4,cám ơn em.,1,1,2
"quần khá chuẩn với ảnh, phù vợ với giá tiền, lên rất đúng form!",4,dạ đẹp mà anh cho 4 sao tội em gê,0,0,2
"quần mỏng nha tương đối mát nma dài quá so với mình á 1m4 mặc dài lắm mik phải kéo lên tận trên nách mới mặc được,trên 1m5 mặc tôn dáng lắm nha ,shop tư vấn size không có chuẩn nha cho 4* hoi ( hình ảnh chỉ mang tính chất nhận xu vì lười chụp) 😘",4,,1,0,2
"quần có vết bẩn ạ, mong là mình tẩy ra, 98k mà quần vậy là đẹp đóng gói cẩn thận, hình ảnh mang tính chất nhận xu thôi ạ!",4,,0,0,2
quần hơi mỏng nhưng ok,4,,0,0,2
chất lượng gần tốt đóng gói chắc vải thấy chưa đẹp lắm tạm ổn chấp nhận được,4,,0,0,2
"sản phẩm đẹp, nhưng vải hơi mỏng, giao hàng nhanh .",4,,0,1,2
"giao hàng nhah. mỗi tội quần hơi mỏng, chưa ưng ý lắm so với giá tiền thì tạm chấp nhận",4,,0,1,2
"chất vải rất ổn, lên form đẹp, mặc được cả 2 kiểu suông và bo dây rút cũng chắc chắn m nghĩ sẽ quay lại shop mua thêm lần nữa. một sản phẩm đáng mua.",4,,0,0,1
"quần giống như hình chất mỏng trơn, chất lượng phù hợp giá tiền mọi người lên mua ủng hộ, shop tư vấn khá nhiệt tình.",4,,1,0,2
"thời gian giao hàng nhanh,bên vận chuyển ok, nói chung chất cũng giống với mấy quần thế thao 3 sọc kia",4,,0,1,2
"sản phẩm chỉ ở mức tạm ổn vải khá dày dặn , suy nghĩ kĩ trước khi mưa chỉ cho 4 sao thôi",4,,0,0,1
"quần đen mỏng có thể nhìn thấy bên trong , màu hồng thì tốt vải khá dày",4,,0,0,2
quần vãi khá mỏng.không như mong đợi lắm.hình ảnh mang tính chất minh họa,4,,0,0,2
quần khá mỏng nhưng vẫn okla giao hàng nhanh giữ thần nói chung toàn bộ ổn ,4,,0,1,2
"quần vải đẹp nhưng phần chữ thêu hơi nhiều chỉ thừa, mặc lên form dáng rất ok rất thích, rất đáng để mua nha mọi người",4,,0,0,2
quần mỏng nhưng mà hợp giá tiền thoi lên form thì như vậy ạ,4,,0,0,2
"quần lên dáng đẹp, vải tạm ổn hơi mỏng xíu nhưng mặc vẫn ok, giao hàng nhanh, ngon bổ rẻ, có điều có nhiều chỉ thừa xử lí xong vẫn ok",4,,0,0,2
vải quần đen khá xấu quần trắng ok mình đặt 2 cái 1 size mà cái trắng dài hơn đen 4cm 1m75 size xl là ok mọi người,4,,0,0,2
"quần tạm ổn, lúc giao về có vết dơ, phù hợp với giá tiền hàng giao nhanh cjg",4,,0,1,2
form quần đẹp khá oke nhưng chất vải dễ bị xù chưa thực sự xứng đáng với số tiền,4,,0,0,2
"em mình m73 mặc vừa, do ở xa nên không biết vải như nào nhưng shop rất nhiệt tình.",4,,1,0,0
"nhìn ảnh cứ tưởng bên trong có lót lông ấm, hơi thất vọng, hàng mặc lên giống hình, mặc trời nóng thì oke",4,,0,0,1
hàng đẹp giá rẻ anh shiper hiền lành thân thiện mình thấy mọi người nên mua hàng này,4,,0,1,1
tưởng vải coton nhưng là vải trơn tạm ổn,4,,0,0,1
hơi mong chữ thêu trên quần không giống anh mấy nhưng nói chung ok phù hợp với giá tiền,4,,0,0,2
"hàng về thấy không đẹp và ưng ý cho lắm ,nhưng tiền nào của đó thôi ạ",4,,0,0,1
"tiền nào của nấy,chữ thêu không được đẹp còn lại cũng được",4,,0,0,1
quần vải hơi mỏng với lại chỉ may không được chắc chắn 1 tí những cái còn lại vẫn rất ok,4,,0,0,2
"sản phẩm cũng tạm from quần không ưng ý , hình ảnh chỉ mang tính chất nhận xu",4,,0,0,1
khá ổn nha.,4,,0,0,1
hình ảnh mang tính chất minh họa,4,,0,0,1
quần vải đẹp nhưng hơi ngắn. size xl chỉ dài 92cm.bạn nào cao trên m7 nên cân nhắc,4,,0,0,2
vải thì khá ổn mỗi tội có bám vài vết bẩn đã thế còn giặt xả thuốc tẩy cũng không ra lun.mọi người lưu ý khi mua quần khi giặt không nên dùng bót dễ bị xù khi xát mạnh tay,4,"hic em ơi quần trắng mà nên mình không tránh được chắc có thể do lúc gói hàng các bạn mở ra kiểm tra xem quần có đúng mẫu không á, chị đã liên hệ với em rồi dính 1 xíu như thế không đáng kể đâu bé giặt nhẹ đi là hết nha, chị cảm ơn em nhiều",0,0,2
vải đẹp mà chữ hơi bị lem 1 tý,4,,0,0,1
"mới mua về đã bun chỉ r, vãi hơi mỏng, giống như hình vãi mềm nên mua nha",4,"em ơi quần sao lại bung chỉ, để chị đổi lại cho em cái khác, quần chất umi mềm mịn đẹp mà, mặc thích lắm em nhỉ ",0,0,1
"hôm qua nhận hàng không để ý ,giờ lấy ra mặc thử thì chưa gì đã bị xù lông",4,,0,0,1
"sản phẩm ok nhe, nhưng mà may không chắc, còn bung chỉ , chất lượng,giá cũng tạm, chấp nhận được",4,"mình cảm ơn bạn nhiều ạ, mong bạn tiếp tục ủng hộ shop dài dài <3 hi",0,0,1
quần lên form xinh tiếc là có một chỗ bẩn một ít chỉ thừa nên mình đánh giá 4*!,4,"hic, cảm ơn bạn nhiều ạ",0,0,2
hàng ok giao hàng khá nhanh mà shiper cọc cằn quá,4,"mình cảm ơn bạn nhiều ạ, mong bạn tiếp tục ủng hộ shop dài dài <3 hi",0,1,0
quần có hơn bẩn một tí mà được cái giao hàng nhanh tạm ổn,4,,0,1,2
"giao nhanh, nhưng chất vải hơi mỏng giống hình đến 80/ nên mua",4,,0,1,1
"vải đẹp ,ít chỉ thừa ,nhưng cái dây rút đứt không ưng ở điểm này",4,,0,0,1
"quần ok ,phù hợp với giá tiền,chất lượng sản phẩm thì không phải nói rồi ạ. nhưng mà có điều hơi buồn là em đặt 2 cái thanh toán tiền 2 cái nhưng shop giao thiếu em một cái, nên giờ đang liên hệ shop để giải quyết nhưng vẫn chưa được, ai biết cách nào chỉ em với ạ",4,,1,0,2
không được đẹp như trên hình mà ở tầm giá này cũng gọi là ổn,4,,0,0,1
"chất thích , giao hàng thì cũng tạm gọi là bình thường , hơi ngắn so với chiều cao 1m63 size l còn vòng eo thì hơi rộng , nói chung là đẹp chất của quần xịn và đóng gói chắc chắn",4,,0,1,2
mình xin đánh giá 4 sao vì khi mình nhận được hàng thì quần có bị bật 1 đoạn chỉ ở khá dài,4,,0,0,2
quần đẹp chất vải và form ưng ý những vẫn còn chỉ thừa,4,,0,0,2
đẹp,4,đẹp mà cho có 4 sao.híc,0,0,1
"quần được, nó không hợp với tôi cho lắm vải nóng, mùa hè mặc nóng ảnh và video chỉ mang tính chất nhận xu",4,,0,0,2
đep đúng size nhưng trắng quá dễ dơ lém,4,,0,0,1
dây rút ống quần dễ đứt nhưng hàng đẹp,4,,0,0,2
"quần đẹp, 1 bên dây thắt bị dứt và buộc lại",4,,0,0,2
quần bị đứt dây chun kéo ở ống chân,4,,0,0,2
chất lượng,4,,0,0,1
không dày,4,,0,0,1
tot,4,,0,0,1
nhiều chỉ thừa và dễ bung chỉ,4,,0,0,2
hơi mỏng,4,,0,0,1
chữ lòi tưởng chữ in,4,,0,0,1
sản phẩm tốt,4,,0,0,2
đẹp,4,,0,0,1
hơi mỏng nha shop,4,,0,0,1
cũng được,4,,0,0,2
quần rất đẹp nhưng có vài chỗ còn ít chỉ thừa,4,,0,0,2
tốt,4,,0,0,1
quần trắng có mấy chấm nhỏ đen đen,4,,0,0,2
vải đẹp lắm nha mọi người,4,,0,0,1
vải rất ok,4,,0,0,2
duyệt,4,,0,0,1
quần hơi dài,4,,0,0,2
sản phẩm khá tốt,4,,0,0,1
.,4,,0,0,0
tạm,4,,0,0,2
hàng ok .ship 0 sao,4,,0,0,2
"quần rất đẹp,xứng đáng với giá tiền",4,,0,0,2
hình ảnh giống sản phẩm cám ơn ah,4,,0,0,1
giao hơi chậm,4,,0,1,0
quần hơi mỏng,4,,0,0,2
đường chỉ may hơi kém,4,,0,0,1
mỏng,4,,0,0,2
vải hơi mỏng,4,"mình cảm ơn bạn nhiều ạ, mong bạn tiếp tục ủng hộ shop dài dài <3 hi",0,0,1
quần được,4,"mình cảm ơn bạn nhiều ạ, mong bạn tiếp tục ủng hộ shop dài dài <3 hi",0,0,2
tạm ổn,4,"mình cảm ơn bạn nhiều ạ, mong bạn tiếp tục ủng hộ shop dài dài <3 hi",0,0,2
chất vải đẹp nhưng form quần hơi rộng,4,"mình cảm ơn bạn nhiều ạ, mong bạn tiếp tục ủng hộ shop dài dài <3 hi",0,0,2
tạm. mỏng,4,,0,0,1
quần đẹp vải cũng đẹp nhưng không khớp với con trai,4,,0,0,2
quần đẹp giá rẻ hợp lí nhưng ống quần quá to,4,"cảm ơn bạn, mong bạn tiếp tục ủng hộ shop nha ",0,0,2
quần đẹp nhưng hơi mỏng,4,cảm ơn bạn ạ ,0,0,2
vải hơi mỏng,4,,0,0,1
phần chữ có chỉ thừa,4,,0,0,1
nhìn đẹp,4,,0,0,1
hơi tốt,4,,0,0,1
quần ok nhưng vải chỉ thừa,4,,0,0,2
h,4,,0,0,0
bsbah,4,,0,0,0
phần dây kéo ở ống quần hơi lởm,4,,0,0,2
quần kiểu dáng giống ảnh nhưng vải khả mỏng .,4,,0,0,2
hơi không đúng form nhưng vẫn ok,4,,0,0,1
ống quần hơi nhỏ so với ảnh ,4,,0,0,2
dịch nên giao hơi lâu,4,cám ơn en,0,1,0
ống quần không rộng lắm,4,cám ơn em,0,0,2
đáng tiền,4,cám ơn 👶,0,0,1
quàn jean bagy ống suông rộng nam nhìn khá ổn bên ngoài giặt phai không không biết nha để thử,4,"""cảm ơn quý khách đã tin tưởng và ủng hộ 20we. hi vọng rằng,bạn đã có những trải nghiệm mua sắm vui vẻ tại shop. chúc bạn một ngày tốt lành !""",0,0,2
quần dày oke có vẻ sẽ thun nhẹ hơi chật bụng xíu . giao hàng hơi lâu,4,"""cảm ơn quý khách đã tin tưởng và ủng hộ 20we. hi vọng rằng,bạn đã có những trải nghiệm mua sắm vui vẻ tại shop. chúc bạn một ngày tốt lành !""",0,1,2
"quần lên form khá đẹp, màu ok gần như hình. đáng tiền. giao hàng hơi lâu chút.",4,"""cảm ơn quý khách đã tin tưởng và ủng hộ 20we. hi vọng rằng,bạn đã có những trải nghiệm mua sắm vui vẻ tại shop. chúc bạn một ngày tốt lành !""",0,1,2
mình thấy quần cũng được nhưng mình đặt size to quá so với mình. cạp quần hơi thấp,4,"""cảm ơn quý khách đã tin tưởng và ủng hộ 20we. hi vọng rằng,bạn đã có những trải nghiệm mua sắm vui vẻ tại shop. chúc bạn một ngày tốt lành !""",0,0,2
"quần form dáng rất đẹp luôn ạ, giặt thì không biết có bị phai hay làm sao không vì chưa thử. đối với mình quần bò jean không có túi đùi trước là 1 điểm trừ lớn. nhận quần bóc hàng có mùi nước tẩy clo khó chịu. vẫn mạnh dạn cho 4 sao vì form và chất cứu cả cái quần. nói chung là hợp giá tiền",4,"""cảm ơn quý khách đã tin tưởng và ủng hộ 20we. hi vọng rằng,bạn đã có những trải nghiệm mua sắm vui vẻ tại shop. chúc bạn một ngày tốt lành !""",0,0,2
"quần ra màu khá nhiều giao khá lâu, gói hàng bụi bẩn, ổn thôi nhìn không ưng lắm",4,"""cảm ơn quý khách đã tin tưởng và ủng hộ 20we. hi vọng rằng,bạn đã có những trải nghiệm mua sắm vui vẻ tại shop. chúc bạn một ngày tốt lành !""",0,0,2
tất cả đều tuyệt vời hy vọng shop sẽ phục vụ tốt như vậy mãi,4,"""cảm ơn quý khách đã tin tưởng và ủng hộ 20we. hi vọng rằng,bạn đã có những trải nghiệm mua sắm vui vẻ tại shop. chúc bạn một ngày tốt lành !""",1,0,0
quần màu khá đẹp nhé,4,"""cảm ơn quý khách đã tin tưởng và ủng hộ 20we. hi vọng rằng,bạn đã có những trải nghiệm mua sắm vui vẻ tại shop. chúc bạn một ngày tốt lành !""",0,0,2
"shop giao nhầm màu ,.phục vụ tốt ",4,"""cảm ơn quý khách đã tin tưởng và ủng hộ 20we. hi vọng rằng,bạn đã có những trải nghiệm mua sắm vui vẻ tại shop. chúc bạn một ngày tốt lành !""",1,0,0
"quần siêu xinh luôn ,vải đẹp ,giao hàng nhanh nữa nhưng mà quần có nhiều chỗ dơ nha",4,"""cảm ơn quý khách đã tin tưởng và ủng hộ 20we. hi vọng rằng,bạn đã có những trải nghiệm mua sắm vui vẻ tại shop. chúc bạn một ngày tốt lành !""",0,0,2
quần đẹp. lỡ đặt size 31 shop chưa lên hàng nên có ib lại mà shop không cho đổi size nếu hủy thì mất voucher hoàn xu,4,"""cảm ơn quý khách đã tin tưởng và ủng hộ 20we. hi vọng rằng,bạn đã có những trải nghiệm mua sắm vui vẻ tại shop. chúc bạn một ngày tốt lành !""",0,0,2
quần cũng ổn mà rất hôi mùi thuốc tẩy giao hàng thì rất lâu tới 15 ngày mới nhận được,4,"""cảm ơn quý khách đã tin tưởng và ủng hộ 20we. hi vọng rằng,bạn đã có những trải nghiệm mua sắm vui vẻ tại shop. chúc bạn một ngày tốt lành !""",0,0,2
"chất quần mềm đẹp,mình khuyên mọi người ai muốn mua thì hãy nhắn tin shop shop kêu mình mặc size nào thì mình lấy size đó,đừng sợ nhỏ,quần to lắm mọi người  ạ,shop kêu mình mặc size 31 nhưg mình sợ nhỏ nên mình lấy size 32 nhưg về nó to hơn size 33 của chị mình nữa,còn về chất lượng và giá cả thì đây là giá cả hợp lí ",4,"""cảm ơn quý khách đã tin tưởng và ủng hộ 20we. hi vọng rằng,bạn đã có những trải nghiệm mua sắm vui vẻ tại shop. chúc bạn một ngày tốt lành !""",1,0,2
quần đẹp đúng hình xuất sắc giao hàng nhanh . nhưng shiper đến đúng lúc mình đang combat làm mình thua -1 sao,4,"""cảm ơn quý khách đã tin tưởng và ủng hộ 20we. hi vọng rằng,bạn đã có những trải nghiệm mua sắm vui vẻ tại shop. chúc bạn một ngày tốt lành !""",0,1,2
"quần đẹp , đúng form đặt quần đen giao quần xanh giao hàng hơi lâu",4,"""cảm ơn quý khách đã tin tưởng và ủng hộ 20we. hi vọng rằng,bạn đã có những trải nghiệm mua sắm vui vẻ tại shop. chúc bạn một ngày tốt lành !""",0,1,2
em trai mình cao 1m65 nặng 40kg mặc như ảnh.màu đẹp chất oke ship nhanh mà shop chuẩn bị hàng hơi lâu nên trừ 1 sao,4,"""cảm ơn quý khách đã tin tưởng và ủng hộ 20we. hi vọng rằng,bạn đã có những trải nghiệm mua sắm vui vẻ tại shop. chúc bạn một ngày tốt lành !""",1,1,1
quần đẹp mà mình đặt quần màu đen mà shop lại giao nhầm lại màu đen,4,,0,0,2
"quần mình mua gửi về cho em trai nên không biết thế nào nhưng thấy nó kêu là cũng ok hàng đẹp , sẽ ủng hộ shop dài dài",4,"""cảm ơn quý khách đã tin tưởng và ủng hộ 20we. hi vọng rằng,bạn đã có những trải nghiệm mua sắm vui vẻ tại shop. chúc bạn một ngày tốt lành !""",0,0,2
quần mặc vừa giá hợp lí nhưng màu thì nhạt hơn so với hình ảnh shop đăng ….,4,"""cảm ơn quý khách đã tin tưởng và ủng hộ 20we. hi vọng rằng,bạn đã có những trải nghiệm mua sắm vui vẻ tại shop. chúc bạn một ngày tốt lành !""",0,0,2
quần đẹp nhưng mà hình như nó có bị sùi nhè nhẹ ở khá nhiều chỗ không biết tại sao luôn,4,"""cảm ơn quý khách đã tin tưởng và ủng hộ 20we. hi vọng rằng,bạn đã có những trải nghiệm mua sắm vui vẻ tại shop. chúc bạn một ngày tốt lành !""",0,0,2
quần mở ra thì thấy bị sứt chỉ ở bên hông thế này giao hàng bình thường. không nhanh không chậm,4,"""cảm ơn quý khách đã tin tưởng và ủng hộ 20we. hi vọng rằng,bạn đã có những trải nghiệm mua sắm vui vẻ tại shop. chúc bạn một ngày tốt lành !""",0,1,2
hình ảnh chỉ mang tính chất minh hoạ chứ quần lên form khá là ổn áp nhunge mà quần đen có vẻ ống bé hơn mà nhỏ hơn quần xanh nha mọi người,4,"""cảm ơn quý khách đã tin tưởng và ủng hộ 20we. hi vọng rằng,bạn đã có những trải nghiệm mua sắm vui vẻ tại shop. chúc bạn một ngày tốt lành !""",0,0,2
chất lượng rất được rất ok nên thử và hợp giá túi tiền học sinh và sinh viên,4,"""cảm ơn quý khách đã tin tưởng và ủng hộ 20we. hi vọng rằng,bạn đã có những trải nghiệm mua sắm vui vẻ tại shop. chúc bạn một ngày tốt lành !""",0,0,1
"chat lương tương đối, vải hơi cứng, nếu vải tốt hơn xíu thì ổn hơn",4,"""cảm ơn quý khách đã tin tưởng và ủng hộ 20we. hi vọng rằng,bạn đã có những trải nghiệm mua sắm vui vẻ tại shop. chúc bạn một ngày tốt lành !""",0,0,2
size khác thì em không biết chứ như size 33 phải 85-90kg mặc may ra mới vừa. chứ em 71kg cao m82 mặc còn thừa cả khúc vải ,4,"""cảm ơn quý khách đã tin tưởng và ủng hộ 20we. hi vọng rằng,bạn đã có những trải nghiệm mua sắm vui vẻ tại shop. chúc bạn một ngày tốt lành !""",0,0,1
ổn ạ mình mặc size 27 là vừa mà lỡ chọn 28 rùi nên lấy luôn cmt nhận xu,4,"""cảm ơn quý khách đã tin tưởng và ủng hộ 20we. hi vọng rằng,bạn đã có những trải nghiệm mua sắm vui vẻ tại shop. chúc bạn một ngày tốt lành !""",0,0,1
"đợi hàng lâu, chất lượng sản phẩm thì tạm ổn so với giá! nói chung là mình không hài lòng lắm, hi vọng shop sẽ cải thiện tốt hơn",4,"""cảm ơn quý khách đã tin tưởng và ủng hộ 20we. hi vọng rằng,bạn đã có những trải nghiệm mua sắm vui vẻ tại shop. chúc bạn một ngày tốt lành !""",0,1,1
"nhận quần thì 1 chiếc khuy ok. chiếc còn lại khuy ọp ẹp và chưa làm gì đã tuột ra luôn. phải ra hàng thay khuy mới. dáng quần đẹp, hơi có chỉ thừa. nói chung cần cải thiện khuy quần",4,"""cảm ơn quý khách đã tin tưởng và ủng hộ 20we. hi vọng rằng,bạn đã có những trải nghiệm mua sắm vui vẻ tại shop. chúc bạn một ngày tốt lành !""",0,0,2
"hàng về không được đẹp cho lắm, ship thì cũng hơi lâu. chưa hài lòng",4,"""cảm ơn quý khách đã tin tưởng và ủng hộ 20we. hi vọng rằng,bạn đã có những trải nghiệm mua sắm vui vẻ tại shop. chúc bạn một ngày tốt lành !""",0,1,1
"quần chất liệu vải oke, dày, đẹp,. mỗi tội là tư vấn cho khách hum có tâm, bảo chiều cao cân nặng này oke mà mặc rất là rộng. tốt nhất size nhiu tự trừ 1 2 size cho vừa",4,"""cảm ơn quý khách đã tin tưởng và ủng hộ 20we. hi vọng rằng,bạn đã có những trải nghiệm mua sắm vui vẻ tại shop. chúc bạn một ngày tốt lành !""",0,0,2
quần chất rất oke so với giá tièn nhưng shop lại gửi sai màu nên cũng không ưng hẳn,4,"""cảm ơn quý khách đã tin tưởng và ủng hộ 20we. hi vọng rằng,bạn đã có những trải nghiệm mua sắm vui vẻ tại shop. chúc bạn một ngày tốt lành !""",0,0,2
tạm chấp nhận được màu sắc ok mọi thứ ổn đánh giá mang tính chất nhận xu,4,"""cảm ơn quý khách đã tin tưởng và ủng hộ 20we. hi vọng rằng,bạn đã có những trải nghiệm mua sắm vui vẻ tại shop. chúc bạn một ngày tốt lành !""",0,0,1
không đúng màu. nhưng vừa size. giao quá lâu nên làm việc lại bên giao hàng.,4,"""cảm ơn quý khách đã tin tưởng và ủng hộ 20we. hi vọng rằng,bạn đã có những trải nghiệm mua sắm vui vẻ tại shop. chúc bạn một ngày tốt lành !""",0,1,1
ổn hàng đẹp tốt nhưng giao hàng 9 ngày mới nhận được hơi lâu,4,"""cảm ơn quý khách đã tin tưởng và ủng hộ 20we. hi vọng rằng,bạn đã có những trải nghiệm mua sắm vui vẻ tại shop. chúc bạn một ngày tốt lành !""",0,1,1
"quần có chất liệu mỏng, mềm lên form kể ra mà nói thì cũng tựa tựa ảnh mẫu nhưng không đứng form như mình mong đợi nên hơi thất vọng",4,"""cảm ơn quý khách đã tin tưởng và ủng hộ 20we. hi vọng rằng,bạn đã có những trải nghiệm mua sắm vui vẻ tại shop. chúc bạn một ngày tốt lành !""",0,0,2
"mua ở đây lần 2, cảm giác quần lần này mỏng hơn với form không được đẹp như trước",4,"""cảm ơn quý khách đã tin tưởng và ủng hộ 20we. hi vọng rằng,bạn đã có những trải nghiệm mua sắm vui vẻ tại shop. chúc bạn một ngày tốt lành !""",0,0,2
"vải ok quần ok nhưng quần bị sổ chỉ nên hơi buồn.,.",4,"""cảm ơn quý khách đã tin tưởng và ủng hộ 20we. hi vọng rằng,bạn đã có những trải nghiệm mua sắm vui vẻ tại shop. chúc bạn một ngày tốt lành !""",0,0,2
quần đẹp lắm nhưng mình chọn đúng size theo shop,4,"""cảm ơn quý khách đã tin tưởng và ủng hộ 20we. hi vọng rằng,bạn đã có những trải nghiệm mua sắm vui vẻ tại shop. chúc bạn một ngày tốt lành !""",0,0,2
chất ok mát thoảng shop giao đúng sai và màu mua với giá 166k nói chung mà là không chê size 30 hơi rộng. mọi người nên mua hụt 1 size nhé.,4,,0,0,1
shop giao nhầm size,4,"""cảm ơn quý khách đã tin tưởng và ủng hộ 20we. hi vọng rằng,bạn đã có những trải nghiệm mua sắm vui vẻ tại shop. chúc bạn một ngày tốt lành !""",1,0,0
quần hơi rộng tạm được giao hàng nhanh đóng gói chắc chắn không ưng lắnm .,4,"""cảm ơn quý khách đã tin tưởng và ủng hộ 20we. hi vọng rằng,bạn đã có những trải nghiệm mua sắm vui vẻ tại shop. chúc bạn một ngày tốt lành !""",0,0,2
"quần đẹp, giao hàng nhanh hơi có chỉ thừa thoi, còn lại ok, với quần hơi rộng í là đặc sát size luôn ròi mà lên form vẫn đẹp nên mua nhe",4,"""cảm ơn quý khách đã tin tưởng và ủng hộ 20we. hi vọng rằng,bạn đã có những trải nghiệm mua sắm vui vẻ tại shop. chúc bạn một ngày tốt lành !""",0,1,2
"quần dày dặn, chất đẹp, nhưng mà tư vấn size hơi sai xíu, giao hơi lâu ",4,"""cảm ơn quý khách đã tin tưởng và ủng hộ 20we. hi vọng rằng,bạn đã có những trải nghiệm mua sắm vui vẻ tại shop. chúc bạn một ngày tốt lành !""",0,0,2
"quần ổn, chỉ có 1 điều là đường may ống quần dưới bị sút chỉ hơi nhiều chút!",4,"""cảm ơn quý khách đã tin tưởng và ủng hộ 20we. hi vọng rằng,bạn đã có những trải nghiệm mua sắm vui vẻ tại shop. chúc bạn một ngày tốt lành !""",0,0,2
sản phẩm tốt mua sẽ ủng hộ shop thêm nhiều trong thời gian tới.,4,"""cảm ơn quý khách đã tin tưởng và ủng hộ 20we. hi vọng rằng,bạn đã có những trải nghiệm mua sắm vui vẻ tại shop. chúc bạn một ngày tốt lành !""",0,0,1
"sản phẩm khá ok, còn shop thì nhắn tin một đằng trả lời một nẻo.",4,"""cảm ơn quý khách đã tin tưởng và ủng hộ 20we. hi vọng rằng,bạn đã có những trải nghiệm mua sắm vui vẻ tại shop. chúc bạn một ngày tốt lành !""",1,0,1
giao hàng nhanh quần hơi mỏng 1 chút nhưng chắc giá vậy là cũng ổn,4,"""cảm ơn quý khách đã tin tưởng và ủng hộ 20we. hi vọng rằng,bạn đã có những trải nghiệm mua sắm vui vẻ tại shop. chúc bạn một ngày tốt lành !""",0,1,2
"đẹp, dáng không xuông cho lắm, giao hàng nhanh, lên lấy giảm 1 size sẽ đẹp hơn",4,"""cảm ơn quý khách đã tin tưởng và ủng hộ 20we. hi vọng rằng,bạn đã có những trải nghiệm mua sắm vui vẻ tại shop. chúc bạn một ngày tốt lành !""",0,1,1
"quần đẹp lắm, chất vải dày dặn, lên dáng đẹp nhưng có điểm trừ là shiper quá tệ hình ảnh mang tính chất nhận xu",4,"""cảm ơn quý khách đã tin tưởng và ủng hộ 20we. hi vọng rằng,bạn đã có những trải nghiệm mua sắm vui vẻ tại shop. chúc bạn một ngày tốt lành !""",0,0,2
"chất vải ổn, khá dày dặn , phù hợp với giá tiền, shop nhiệt tình chu đáo, rep tin nhắn nhanh, nhưng giao hàng lâu, kích cỡ thì to hơn so với bảng quy đổi,",4,"""cảm ơn quý khách đã tin tưởng và ủng hộ 20we. hi vọng rằng,bạn đã có những trải nghiệm mua sắm vui vẻ tại shop. chúc bạn một ngày tốt lành !""",1,1,1
món ăn này rất ngon mời shop ăn cùng nhé cảm ơn shop ship hàng nhanh nhẹn,4,"""cảm ơn quý khách đã tin tưởng và ủng hộ 20we. hi vọng rằng,bạn đã có những trải nghiệm mua sắm vui vẻ tại shop. chúc bạn một ngày tốt lành !""",0,1,0
"hàng cũng oke, nhưng mà mang nhìn không đẹp như ảnh, hơi hôi nữa, nói chung cũng được",4,"""cảm ơn quý khách đã tin tưởng và ủng hộ 20we. hi vọng rằng,bạn đã có những trải nghiệm mua sắm vui vẻ tại shop. chúc bạn một ngày tốt lành !""",0,0,1
1m65 50kg mà quần gất rộng còn bự 🥲 mà sh tư vấn size 27 mang đi bóp 4-5 phân ,4,"""cảm ơn quý khách đã tin tưởng và ủng hộ 20we. hi vọng rằng,bạn đã có những trải nghiệm mua sắm vui vẻ tại shop. chúc bạn một ngày tốt lành !""",0,0,2
quần mặc được màu hơi nhạt không có chỉ thừa nói chung là được.,4,"""cảm ơn quý khách đã tin tưởng và ủng hộ 20we. hi vọng rằng,bạn đã có những trải nghiệm mua sắm vui vẻ tại shop. chúc bạn một ngày tốt lành !""",0,0,2
quần đúng như shop mô tả không có chỉ thừa màu giống hình ống hơi dài xíu,4,,0,0,2
1m75 mặc size 28 ống hơi dài. mác quần khác với những sản phẩm trước. mua 2 lần mới được tới tay sản phẩm này.,4,,0,0,2
"quần đẹp lắm shop ạ. mỗi tội mua xong quần thì xe em hỏng, cho 4 sao thôi",4,"""cảm ơn quý khách đã tin tưởng và ủng hộ 20we. hi vọng rằng,bạn đã có những trải nghiệm mua sắm vui vẻ tại shop. chúc bạn một ngày tốt lành !""",0,0,2
"sản phẩm tạm có chất lượng khá tốt, giao hàng khá nhanh cảm ơn shop",4,,0,1,1
"quần ổn, mặc hơi rộng, đóng gói cẩn thận. với giá tiền như này thì không trông đợi gì nhiều",4,,0,0,2
chất lượng và kiểu dáng vải khá ổn có điều màu sáng hơn trong ảnh khá nhiều nên mình có hơi thất vọng chút,4,,0,0,1
"quần đẹp nha mọi người, m8 60kg mặc size 30 hơi ngắn",4,,0,0,2
có một sản phẩm bị rộng dù mua hai cái cùng size với nhau,4,,0,0,1
hàng về đẹp ạ nhưng mỗi tội có vài chỗ không bị xanh hết có chỗ xanh đậm có chỗ xanh nhạt không đồng đều . sẽ ủng hộ shop tiếp,4,,0,0,1
giao hàng nhanh gói hàng đẹp chất lượng phải đợi thời gian mới biết,4,,0,1,1
chất lượng tốt giá rẻ hay sao mà chịu được nữa giảm giá sốc,4,,0,0,1
shop tư vấn kiểu quần què gì bảo đặt size 30 đặt về rộng như váy,4,,1,0,0
"shop giao thiếu cho mình 1 cái quần nhưng chủ shop nhiệt tình ib và hứa sẽ chuyển cái quần còn lại cho mình quần đẹp và rộng lắm, mình mặc bị dài do chân ngắn á trừ 1 sao do giao thiếu quần, mong shop sẽ để ý đơn hàng của khách hơn do cái quần kia là mình đặt cùng bạn, rất khó xử nữa",4,,1,0,0
"so với mức giá thì khá là oke la , ae cứ theo bảng size nhé , chuẩn luân",4,,0,0,1
sản phẩm khá tốt đóng gói sản phẩm chắc chắn chất quần oke mà mùa hè thì mặc hơi nóng xíu nhưng vẫn được,4,,0,0,1
nó không phải là màu xanh nhạt á. nó bị đậm hơn bên ngoài. chất vải thì vẫn ổn nhưng màu thì nhìn quê quê. thôi cho 4 sao,4,,0,0,1
quần có ~200k thì thế này là quá ok rồi á quay cho mọi người xem cận luôn nè,4,,0,0,2
vải ok . giao hàng nhanh. mỗi tội nhìn quần hơi bẩn. khá hài lòng.,4,,0,1,2
"quần đẹp, hàng giống ảnh ạ, hình như shop giao sai màu vì màu này đậm quá ",4,,0,0,2
"giao hàng nhanh, quần nhiều chỉ thừa, kéo khoá quần hơi phò, ống quần không rộng lắm chả khác gì quần côn. nhưng mà quần hơn 100k vậy là ok rồi",4,,0,1,2
quần đẹp chất vải oke cơ mà nhìn quần giống form nữ quá với cả dịch nên giao hàng hơi lâu! mình đặt từ hôm 16 đến tận 23 mới lấy được hàng,4,,0,1,2
"chất liệu tốt quần to hơn so với ảnh mẫu,cũng đẹp mình và bạn đặt đơn cùng 1 ngày và cùng 1 địa chỉ mà người có trước người có sau",4,,0,1,2
"do dịch nên gần 1 tuần mới giao tới :< chất liệu quần okla, túi quần nhỏ, lưng quần rộng, 1 ít chỉ thừa phía trong quần.",4,,0,1,2
hàng về không được đẹp như mong đợi chán shop quá đặt lần đầu ok lần 2 thì haiz,4,,0,0,1
"màu không giống ảnh, quần nam nữ mà mình mua size nhỏ nhất vẫn rộng, độ dài vừa, lưng rộng",4,,0,0,2
tôi thấy chất vải khá là mỏng so với giá tiền thì hơi cao nói chung là ổn,4,,0,0,1
form được nhưng chất hơi dễ bám bụi tóm lại là hơi đắt so với giá tiền,4,,0,0,1
shop tư vấn cho mình chọn size 28 là vừa đẹp luôn nhưng khi nhận hàng hơi bị thất vọng vì quầ quá rộng đúng kiểu bơi trong quần luown chán thật sự còn ảnh với video chỉ mang tính chất lấy xu,4,,1,0,1
"quần màu khác hình, bạc phếch. size thì hơi rộng so với chiều dài",4,,0,0,2
"quần màu không giống hình,không dãn,ship hơi lâu,khá thất vọng",4,,0,0,2
"đóng gói hơi sơ sài, quần ok mỗi cái là màu hơi không giống mình mong muốn hi vọng giặt xong nó phai bớt, mua được giá hời nên cũng chấp nhận được",4,,1,0,2
quần cũng khá đẹp so với giá tiền. chất vải cũng oce. có điều mình có chút hiểu nhầm qua mô tả nên đặt size bị to. bạn nào từ 40 đến 46kg nên đặt size nhỏ nhất nha. shop cũng hỗ trợ nhiệt tình.,4,,1,0,2
"shop chuẩn bị và giao hàng nhanh, quần đẹp nhưng mà tiếc là dưới chân quần bị lỗi nhỏ tí",4,,1,1,2
sản phẩm cũng ok nhưng nhìn vải có chút không đẹp nma vẫn đánh giá 4s cho shop phát triển hơn,4,,0,0,1
"vải thì không có gì để chê,dày dặn,shop tư vấn nhiệt tình. mỗi tội là quần hơi bị chật so với mình",4,,1,0,1
quần màu đậm hơn trong ảnh phải xắn quần lên 8cm mới vừa. bạn nào thấy cơ mình phù hợp với size ví dụ size 30 thiì nên chọn mua size nhỏ hơn 29 vì mua đúng size quần trộng vl,4,"20we xin cảm ơn quý khách hàng đã lựa chọn dịch vụ của 20we. 20we đã inbox rồi đó, quý khách hãy check ib để cùng trò chuyện với 20we nha !",0,0,2
shop giao hàng nhanh đảm bảo yêu cầu thời gian nhưng mà màu sắc khôgn được như mong muốn . màu ngả sang màu xám chứ không có độ xanh,4,,0,1,1
"mình mua cho bạn nên không rõ chất lượng nhưng thấy bảo là from dáng được , chất không được đẹp lắm , nói chung là được xin lỗi vì hình ảnh chỉ mang tính chất nhận xu .",4,,0,0,1
quần đẹp nhưng có dính 1 vết bẩn nhỏ trên đầu gối mong lần sau shop kiểm tra kĩ hàng trước khi giao cho khách ,4,,1,0,2
quần bị gập eo 64 mặc hơi rộng m54 quần dài quá trên m6 thì đẹp lại tốn 20k tiền cắt,4,,0,0,2
size quần shop tư vấn hơi lệch mình cao 1m62 48kg mà vừa rộng vừa dài,4,,1,0,0
sản phẩm màu đen thì oke giống hình nhưng sản phẩm màu xanh thì nhạt hơn hình. về mở ra nhìn chán thực sự luôn,4,,0,0,1
"shop ở hà nội mà giao siêu nhanh luôn, quần giống hình nhưng mặc rộng dù đã nhờ shop tư vấn",4,,0,1,2
ib shop tư vấn bảo mặc size 28 cũng ổn mà về nó rộng muốn xỉu luôn chất ok lắm nhé màu cũng ổn,4,,1,0,1
shiper giao hàng nhầm giao lâu nhưng quần rất đẹp,4,,0,1,2
"quần như hình có điều lưng quần hơi rộng mình cao 1m7 nặng 43kg mặc size 27, với lại nút khoá quần bị lỗi",4,,0,0,2
chất lượng sản phẩm rất tốt nhưng mà shop tư vấn size quần bị to quá. hơi buồn vì mất thêm tiền đi cắt,4,,1,0,1
"quần ổn. ship nhanh, màu không được như mong muốn cho lắm. tuy nhiên khá ổn, vải bò ok. đóng gói chắc chắn",4,,0,1,2
cũng ok không quá đẹp lắm đâu mọi người ạ,4,,0,0,1
đẹp nhưng vải hơi mỏng size 28 mà cứ như 29 nhưng vẫn tạm ổn nhé ,4,,0,0,1
hàng thì đẹp nha mọi người mỗi tội nó chẳng xanh như trong hình đâu nên cho 4 sao gặp phải anh giao hàng cục súc không nghe máy cái anh đó hủy đơn luôn năn nỉ mãi mới được,4,,0,1,1
quần dày dặn ok nhưng mỗi cái là ống nó bó quá mặc như quần bình thường mà lấy size to hơn thì lại không vừa hơi buồn,4,,0,0,2
sản phẩm y như hình nha mọi người nhưng có điều đặt size 28 hơi chật 29 là đẹp mặc không vừa bụng,4,,0,0,1
chất vải cũng được nhưng mà vì form này chỉ hợp với các bạn nam thôi nha mình hơi tiếc vì quần mặc vừa nhưng phần đùi quá rộng nên nhìn hơi thô nha các bạn nữ,4,,0,0,1
chất vải bình thường màu không được giống hình lắm giá cũng rẻ nên chấp nhận được,4,,0,0,1
vải đẹp dày dặn nhưng ống quần hơi to không thích lắm,4,,0,0,2
quần cũng ok. ăn mau đi không trở lại đây thì có vẻ như là một trong những người có ,4,shop cảm one a nhiều ạ.mong a ủng hộ shop lâu dài ạ.❤️,0,0,2
giao hàng nhanh tư vấn ổn nhưng mà trên quần còn dính cái gì màu vàng trông hơi bẩn chất liệu quần thì ok,4,,0,1,2
giao hàng nhanh quần ổn nhìn khá giống hình mà ống quần hơi bé so với ảnh ,4,,0,1,2
quần ưng  nhưng size rộng hơn so với bình thường nên trừ 1 sao,4,,0,0,2
"video không không liên quan nhưng quần khá đẹp, may chắc chắc, bị xước ở 1 chỗ",4,,0,0,2
vải tốt giao hàng nhanh như mẫu có điều nhìn màu hơi cũ nhưng mà đẹp,4,,0,1,1
quần rất đẹp mà tiếc 1 cái là óng quần nhỏ không được như hình ,4,,0,0,2
giao hàng nhanh đóng gói cẩn thận hàng cũng được nhưng sau chổ phi cút quần cắt sẵn nên không biết mới 100% không do shop khác chưa ai cắt sẵn cả .ngoài ra còn thấy chỉ thừa nữa,4,"""cảm ơn quý khách đã tin tưởng và ủng hộ 20we. hi vọng rằng,bạn đã có những trải nghiệm mua sắm vui vẻ tại shop. chúc bạn một ngày tốt lành !""",0,1,2
vải không dày cũng không mỏng tạm được,4,"""cảm ơn quý khách đã tin tưởng và ủng hộ 20we. hi vọng rằng,bạn đã có những trải nghiệm mua sắm vui vẻ tại shop. chúc bạn một ngày tốt lành !""",0,0,1
vải hơi cứng ngứa,4,"""cảm ơn quý khách đã tin tưởng và ủng hộ 20we. hi vọng rằng,bạn đã có những trải nghiệm mua sắm vui vẻ tại shop. chúc bạn một ngày tốt lành !""",0,0,1
lệch 1 size nên bị rộng bụng ,4,,0,0,1
giao không đúng màu chất lượng ổn,4,"""cảm ơn quý khách đã tin tưởng và ủng hộ 20we. hi vọng rằng,bạn đã có những trải nghiệm mua sắm vui vẻ tại shop. chúc bạn một ngày tốt lành !""",1,0,1
không đúng màu đặt hàng. quần mặc vừa ,4,"""cảm ơn quý khách đã tin tưởng và ủng hộ 20we. hi vọng rằng,bạn đã có những trải nghiệm mua sắm vui vẻ tại shop. chúc bạn một ngày tốt lành !""",0,0,2
sản phẩm khá giống hình nhưng chất lượng vải thì chỉ 4 sao thôi,4,"""cảm ơn quý khách đã tin tưởng và ủng hộ 20we. hi vọng rằng,bạn đã có những trải nghiệm mua sắm vui vẻ tại shop. chúc bạn một ngày tốt lành !""",0,0,1
quần bị một vết bẩn to giặc khó ra ngoài vấn đề đó ra thì mình hài lòng hình ảnh chỉ mang tính chất nhận xu,4,"""cảm ơn quý khách đã tin tưởng và ủng hộ 20we. hi vọng rằng,bạn đã có những trải nghiệm mua sắm vui vẻ tại shop. chúc bạn một ngày tốt lành !""",0,0,2
quần rất okay,4,"""cảm ơn quý khách đã tin tưởng và ủng hộ 20we. hi vọng rằng,bạn đã có những trải nghiệm mua sắm vui vẻ tại shop. chúc bạn một ngày tốt lành !""",0,0,2
"mình cao 1m58, cân nặng tầm 40-50. theo bảng quy đổi kích cỡ của shop là 27. mua về quần vừa rộng vừa dài, không mặc được. mấy bạn nào tầm mình mua 26 nhé. mà shop ship mình quần nam à",4,"""cảm ơn quý khách đã tin tưởng và ủng hộ 20we. hi vọng rằng,bạn đã có những trải nghiệm mua sắm vui vẻ tại shop. chúc bạn một ngày tốt lành !""",0,0,2
buồn thế chứ mong lần sau shop chú ý hơn để k xảy ra tình trạng này nữa,4,"""cảm ơn quý khách đã tin tưởng và ủng hộ 20we. hi vọng rằng,bạn đã có những trải nghiệm mua sắm vui vẻ tại shop. chúc bạn một ngày tốt lành !""",1,0,0
shop tư vấn hoàn trả nhiệt tình,4,,1,0,0
"màu có vẻ sáng hơn ảnh, sản phẩm này nữ mặc sẽ hợp hơn nam nhưng mà vẫn cứ là ok",4,,0,0,2
"chất lượng sản phẩm ổn, giao hàng nhanh, nhưng không như mong chờ, đóng gói cẩn thận.",4,,0,1,1
sản phẩm ok,4,,0,0,2
màu quần không giống hình cho lắm,4,,0,0,2
hay,4,,0,0,1
nice,4,"""cảm ơn quý khách đã tin tưởng và ủng hộ 20we. hi vọng rằng,bạn đã có những trải nghiệm mua sắm vui vẻ tại shop. chúc bạn một ngày tốt lành !""",0,0,1
lỡ mua hơi rộng nhưng chắc sửa được màu đẹp form ổn,4,"""cảm ơn quý khách đã tin tưởng và ủng hộ 20we. hi vọng rằng,bạn đã có những trải nghiệm mua sắm vui vẻ tại shop. chúc bạn một ngày tốt lành !""",0,0,1
quần vải rất đẹp nhưng cạp quá rộng,4,"""cảm ơn quý khách đã tin tưởng và ủng hộ 20we. hi vọng rằng,bạn đã có những trải nghiệm mua sắm vui vẻ tại shop. chúc bạn một ngày tốt lành !""",0,0,2
màu quá nhạt so với hình quần hơi rộng m7 mặc vừa,4,,0,0,1
sản phẩm bình thường ,4,,0,0,1
"quần không có túi ,giao hàng nhanh ,m65 50kg size 26 vừa bụng ,mà quần dài gần 100cm khác với thông số 93(shop ghi) phải sắn 2 lần cạp hơi dài",4,"""cảm ơn quý khách đã tin tưởng và ủng hộ 20we. hi vọng rằng,bạn đã có những trải nghiệm mua sắm vui vẻ tại shop. chúc bạn một ngày tốt lành !""",0,1,2
không ngờ là quần to và rộng như vậy luôn á .,4,"""cảm ơn quý khách đã tin tưởng và ủng hộ 20we. hi vọng rằng,bạn đã có những trải nghiệm mua sắm vui vẻ tại shop. chúc bạn một ngày tốt lành !""",0,0,2
đặt quần màu đen mà shop giao màu xanh. mua tặng nên hơi buồn. shop có nói mình hoàn hàng nhưng đúng 28 tết rồi hoàn hàng phiền quá nên mình đành nhận hàng.,4,"""cảm ơn quý khách đã tin tưởng và ủng hộ 20we. hi vọng rằng,bạn đã có những trải nghiệm mua sắm vui vẻ tại shop. chúc bạn một ngày tốt lành !""",0,0,2
"quần lưng không cao, đũng quần bị thụng, chất vải cứng nhưng giá tiền thấp nên cũng phù hợp",4,"""cảm ơn quý khách đã tin tưởng và ủng hộ 20we. hi vọng rằng,bạn đã có những trải nghiệm mua sắm vui vẻ tại shop. chúc bạn một ngày tốt lành !""",0,0,2
,4,"""cảm ơn quý khách đã tin tưởng và ủng hộ 20we. hi vọng rằng,bạn đã có những trải nghiệm mua sắm vui vẻ tại shop. chúc bạn một ngày tốt lành !""",0,0,0
vãi đẹp quần đẹp rẻ giá hợp lí giao nhanh shop tư vấn nhiệt tình,4,"""cảm ơn quý khách đã tin tưởng và ủng hộ 20we. hi vọng rằng,bạn đã có những trải nghiệm mua sắm vui vẻ tại shop. chúc bạn một ngày tốt lành !""",0,0,2
"màu đẹp, đường may tốt, nhưng mà phần chỉ bên trong màu đỏ không giống màu trong hình quảng cáo nên cho 4 sao",4,"""cảm ơn quý khách đã tin tưởng và ủng hộ 20we. hi vọng rằng,bạn đã có những trải nghiệm mua sắm vui vẻ tại shop. chúc bạn một ngày tốt lành !""",0,0,1
"quần form đẹp, giá rẻ. có điều quần mình mua lại bị bục chỉ sẵn ở phần khuy quần và một vết ố (han gỉ) ở ống quần nhưng không sao.",4,,0,0,2
"chất lượng vải tốt, đường may đều, cao 1m56 hơi dài và hơi rộng với mình",4,,0,0,2
quần siêu đẹp luôn ạ mỗi tội hơi dài so với em 10đ chất lượng nhưng giao hàng khá lâu chắc do dịch bệnh,4,,0,1,2
quần màu sáng mà bên trong khâu chỉ đen xắn lên xấu lắm ạ ,4,"""cảm ơn quý khách đã tin tưởng và ủng hộ 20we. hi vọng rằng,bạn đã có những trải nghiệm mua sắm vui vẻ tại shop. chúc bạn một ngày tốt lành !""",0,0,2
"đặt hai chiếc cùng loại mà màu hơi khác nhau tí, ship hơi lâu nữa nhưng cũng ok",4,"""cảm ơn quý khách đã tin tưởng và ủng hộ 20we. hi vọng rằng,bạn đã có những trải nghiệm mua sắm vui vẻ tại shop. chúc bạn một ngày tốt lành !""",0,1,0
"màu hơi nhạt nên trừ 1 sao mọi thứ khác thì quá oke ,vải dày dặn ,sản phẩm tốt đối với mình hơi rộng nhưng oke shop rất tận tình",4,"""cảm ơn quý khách đã tin tưởng và ủng hộ 20we. hi vọng rằng,bạn đã có những trải nghiệm mua sắm vui vẻ tại shop. chúc bạn một ngày tốt lành !""",1,0,0
"đúng size, tạm ổn giao sai màu nên trừ 1 sao, đặt xanh sky giao xanh nhạt nói chung là buồn đó ống hơi rộng so với suy nghĩ kh thấy chỉ thừa ai muốn chắc chắn thì đi đạp lại lần nữa. riêng mình chắc vừa bóp ống vừa đạp",4,"""cảm ơn quý khách đã tin tưởng và ủng hộ 20we. hi vọng rằng,bạn đã có những trải nghiệm mua sắm vui vẻ tại shop. chúc bạn một ngày tốt lành !""",1,0,2
"hàng giống như hình , size chuẩn , túi bị nhỏ ,chất vải nóng mặc mùa hè thì xác định ướt đẫm luôn nhưng nhân viên rep ib chậm giao hàng chậm",4,"""cảm ơn quý khách đã tin tưởng và ủng hộ 20we. hi vọng rằng,bạn đã có những trải nghiệm mua sắm vui vẻ tại shop. chúc bạn một ngày tốt lành !""",0,1,1
"quần hơi dài, nhưng mà màu đẹp, chất liệu ok, đáng đồng tiền bát mì",4,"""cảm ơn quý khách đã tin tưởng và ủng hộ 20we. hi vọng rằng,bạn đã có những trải nghiệm mua sắm vui vẻ tại shop. chúc bạn một ngày tốt lành !""",0,0,2
"giao hàng lâu quá , quần nhìn trên ảnh không trắng mấy ai ngờ mua về trắng nhiều quá không thích nhưng quần đẹp không lỗi , tạm cho shop 4 sao nhé",4,"""cảm ơn quý khách đã tin tưởng và ủng hộ 20we. hi vọng rằng,bạn đã có những trải nghiệm mua sắm vui vẻ tại shop. chúc bạn một ngày tốt lành !""",0,1,2
sản phẩm tạm ổn nhưng size 29 dành cho người 1m7 nặng 57 là hơi rộng nha shop,4,"""cảm ơn quý khách đã tin tưởng và ủng hộ 20we. hi vọng rằng,bạn đã có những trải nghiệm mua sắm vui vẻ tại shop. chúc bạn một ngày tốt lành !""",0,0,1
"mình đặt cả 2 quần cỡ 28.mình thấy quần màu xanh rất to chắc phải cỡ 29,30 j đấy nhưng bù lại vải quần rất chắc chắn mong shop lần sau để í",4,"""cảm ơn quý khách đã tin tưởng và ủng hộ 20we. hi vọng rằng,bạn đã có những trải nghiệm mua sắm vui vẻ tại shop. chúc bạn một ngày tốt lành !""",0,0,2
"quá nhiều chỉ thừa, đóng gói thì được. trừ một sao nhé",4,"""cảm ơn quý khách đã tin tưởng và ủng hộ 20we. hi vọng rằng,bạn đã có những trải nghiệm mua sắm vui vẻ tại shop. chúc bạn một ngày tốt lành !""",0,0,1
quần khá đẹp. màu không giống như ảnh 100% nhưng mà cũng giống 85%,4,"""cảm ơn quý khách đã tin tưởng và ủng hộ 20we. hi vọng rằng,bạn đã có những trải nghiệm mua sắm vui vẻ tại shop. chúc bạn một ngày tốt lành !""",0,0,2
ảnh mang tượng trưng quần đẹp nha nên mua nha các bạn,4,"""cảm ơn quý khách đã tin tưởng và ủng hộ 20we. hi vọng rằng,bạn đã có những trải nghiệm mua sắm vui vẻ tại shop. chúc bạn một ngày tốt lành !""",0,0,2
"hàng rất đẹp giá cả hợp lý , mỗi cái là giao hàng hơi lâu",4,"""cảm ơn quý khách đã tin tưởng và ủng hộ 20we. hi vọng rằng,bạn đã có những trải nghiệm mua sắm vui vẻ tại shop. chúc bạn một ngày tốt lành !""",0,1,1
"chất vải ổn, không có chỉ thừa, đóng gói cẩn thận. với giá chỉ hơn 100k thì như này là quá ok. size hơi rộng so với mình, khuyên mọi người nên đặt nhỏ lại 1 size nhé",4,"""cảm ơn quý khách đã tin tưởng và ủng hộ 20we. hi vọng rằng,bạn đã có những trải nghiệm mua sắm vui vẻ tại shop. chúc bạn một ngày tốt lành !""",0,0,1
quần đẹp vải dày dặn đúng như shop mỗi tội mình đặt size 29 ngta giao 28,4,,0,0,2
chất lượng ok shop tư vấn nhiệt thì mặc dù bị giao nhầm nhưng shop đã đổi trả rất uy tính,4,,1,0,1
sản phẩm tốt giao hàng đúng hẹn nhưng hơi chậm ngày cuối cùng dự kiến là nhận được,4,,0,1,1
quần thì khá tốt nhưng vì giao thiếu mất phải chờ để lấy thêm 1 cái nữa nên cho shop 4*,4,,0,0,2
quần hơi ngắn ! chất vải mềm. nói chung tạm được! shiper chưa ok lắm.,4,,0,1,2
"hàng gửi lâu quá, mặc dù chất cũng oke. nhưng giao hàng chậm, shop làm việc thiếu chuyên nghiệp, giao sai hàng",4,,1,1,1
"hàng shop đẹp cơ mà mùi vải nồng quá, ai giặt nhiều cho mình xin ý kiến",4,,0,0,1
"màu sáng hơn trên hình , vải đẹp nhưng quần chỉ đẹp khi mặc vừa thôi ",4,,0,0,2
quần rất tốt nhưng có vài chỗ khâu chưa chắc chắn lắm lên chỉ cho 4 sao,4,,0,0,2
"quần đẹp nhưng có lỗi ở ống quần, chỗ lỗi vải k đủ may nên thủng lỗ",4,,0,0,2
ống nó không rộng như hình đâu ạ mình mặc thì ống thấy ổn nhưng lưng nó rộng kinh khủng phải đi bóp lại ạ ,4,,0,0,2
mình m75 nặng 56 cân mua size 29 ok nãy mặc thử thì vừa quần vải hơi mỏng còn lại ok,4,,0,0,2
"hàng mới về không đúng mẫu báo shop đổi lại sau khi đổi lại thì thấy oke nha mỗi điều lỗi gửi nhầm hàng là của shop ,mà khi đổi hàng lại không chịu ship ,bay 30k ",4,,1,0,1
"không giống trông hình, kêu ống suônng mà chiều rộng của ống không phải mọi người đừng tin shop. đưa thông tin sản phẩm sai sự thật ",4,,0,0,2
"form quần khá đẹp, tuy nhiên vẫn còn chỉ thừa và bị như ảnh",4,,0,0,2
quần chất liệu ok xịn đẹp nhưng có điều là bị bung chỉ ở chỗ mác sau ,4,,0,0,2
quần rất đẹp giao hàng nhanh shop nhiệt tình nhưng quần không dãn với cả bn nào cao trên 1m8 như mình thì size 32 sẽ hơi ngắn nhưng mà để xuông đi tất cổ cao thì vẫn ok,4,,1,1,2
sản phẩm uy tín nhưng vải 2 ống chân quần lại khác nhau nên mình chỉ cho 4 sao thôi giao hàng khá nhanh,4,,0,1,2
khá ưng tại vừa size . màu hơi lỗi xíu nhưng tạm chấp nhân,4,,0,0,1
khá oke nhưng shop hơi kì đáng ra phải xé cái giá gốc đi lại để đó,4,,0,0,1
"shop nhiệt tình, chất lượng tốt, giao hàng nhanh, hàng chất lượng trong tầm giá.",4,cảm ơn khách yêu đã tin tưởng và lựa chọn mua hàng tại shop. hãy ghé shop thường xuyên để trải nghiệm những sản phẩm và dịch vụ tuyệt vời nhất nhé. . chúng tôi luôn hy vọng được tiếp tục đồng hành cùng khách yêu trong tương lai.,0,0,2
"quần đẹp sắn lên thì bao đẹp, nhưng màu vải cũ không được như trong hình nên giảm 1 sao",4,,1,1,2
"giao hàng nhanh , đóng gói kỹ nhưng vải còn dư chỉ nhiều và bị lem màu.",4,,1,1,0
quần đẹp nhưng có cái shop không kiểm tra kĩ để bị rách mất vài chỗ,4,,0,0,2
"chất phẩm sản phẩm tậm ổn giá cả hợp lí, rất đáng để mua",4,,0,0,1
quần đẹp. ống hới rộng nêu bạn nào không thich mặc ống rộng thì chú ý.,4,,0,0,2
giao hơi lâu . quần có khá nhìu chỉ thừa .tiền nào của nấy nói chung tạm thôi,4,"""cảm ơn quý khách đã tin tưởng và ủng hộ 20we. hi vọng rằng,bạn đã có những trải nghiệm mua sắm vui vẻ tại shop. chúc bạn một ngày tốt lành !""",0,1,2
vải tốt quần đẹp hơi nhiều chỉ thừa và quần không có cúc không biết do nỗi hay gì nhưng vẫn hợp với tầm giá,4,,0,0,2
sản phẩm khá chất lượng,4,"""cảm ơn quý khách đã tin tưởng và ủng hộ 20we. hi vọng rằng,bạn đã có những trải nghiệm mua sắm vui vẻ tại shop. chúc bạn một ngày tốt lành !""",0,0,1
quần thơm. size 29 hơi to so với bảng quy đổi kích cỡ. mặc vào rộng eo. hình ảnh để nhận xu,4,,0,0,2
thấy quần được nhiều lượt mua nên mua về mặc thử. chất lượng cũng không quá tốt so với giá nhưng được cái là không có chỉ thừa nên cho 4 sao thôi nha ,4,,0,0,2
chất lượng quần khá tốt giao hàng nhanh và màu quần thì hơi khác với trong hình chỉ hơi thất vọng chỗ đó còn lại ok hết,4,,0,1,2
"sản phẩm ok, hợp với giá tiền, đặt size 28 nhưng shop lại giao size 27, m7 55kg vừa khít, eo bị chật. cho shop 4sao :3.",4,,0,0,1
vải không được đẹp lắm kiểu nhũn không vào from như hình quần quá rộng ống màu thì đậm hơn hình được cái giao hàng nhanh dù trong mùa dịch,4,,0,1,1
"vải mỏng, khá rộng mua size bé nhất mà vẫn rộng chắc tại mình gầy quá chứ không phải do shop nhưng giá đấy thì cũng ok mọi người nha",4,,0,0,1
đặt hàng trước tết tầm 12 ngày nhưng sau tết mới nhận được khi huỷ đơn hàng là hàng đang trong tình trạng người bán chưa đưa cho đơn vị vận chuyển tớ mới huỷ nhé nhưng vẫn ship về ạ quần hơi rộng so với size ạ,4,,1,1,0
"nói chung màu quần nhạt hơn trong ảnh, đai quần sau không đẹp lắm, giao hơi lâu nhưng chất lượng sản phẩm ổn, nên mua đúng size mình mặc thì sẽ vừa bụng nhưng chiều dài quần chỉ vừa phải chứ không dài để mà săn gấu lên được",4,"""cảm ơn quý khách đã tin tưởng và ủng hộ 20we. hi vọng rằng,bạn đã có những trải nghiệm mua sắm vui vẻ tại shop. chúc bạn một ngày tốt lành !""",0,0,2
đẹp nhưng size vẫn to ạ em mặc size 26 nhưng kb shop gửi cho tầm size 27 hoặc 28 rồi ,4,"""cảm ơn quý khách đã tin tưởng và ủng hộ 20we. hi vọng rằng,bạn đã có những trải nghiệm mua sắm vui vẻ tại shop. chúc bạn một ngày tốt lành !""",0,0,1
.,4,"""cảm ơn quý khách đã tin tưởng và ủng hộ 20we. hi vọng rằng,bạn đã có những trải nghiệm mua sắm vui vẻ tại shop. chúc bạn một ngày tốt lành !""",0,0,0
ý là mua xanh rồi mà màu hơi nhạt 1 tí như củ ý ( ý kiến riêng ạ ),4,"""cảm ơn quý khách đã tin tưởng và ủng hộ 20we. hi vọng rằng,bạn đã có những trải nghiệm mua sắm vui vẻ tại shop. chúc bạn một ngày tốt lành !""",0,0,1
"đặt 2 giao 1, nhưng shop cũng giao thêm nên không sao",4,"""cảm ơn quý khách đã tin tưởng và ủng hộ 20we. hi vọng rằng,bạn đã có những trải nghiệm mua sắm vui vẻ tại shop. chúc bạn một ngày tốt lành !""",1,0,0
hàng chất đẹp mà gửi sai mẫu màu mình đặt màu đen mà về màu xanh,4,"""cảm ơn quý khách đã tin tưởng và ủng hộ 20we. hi vọng rằng,bạn đã có những trải nghiệm mua sắm vui vẻ tại shop. chúc bạn một ngày tốt lành !""",0,0,1
quần đẹp giao hàng nhanh shop thân thiện nhưng phần eo vẫn chật size 29 còn chật hơn size 27,4,"""cảm ơn quý khách đã tin tưởng và ủng hộ 20we. hi vọng rằng,bạn đã có những trải nghiệm mua sắm vui vẻ tại shop. chúc bạn một ngày tốt lành !""",0,1,2
hàng đẹp nhưng chưa gì thấy xù rồi,4,"""cảm ơn quý khách đã tin tưởng và ủng hộ 20we. hi vọng rằng,bạn đã có những trải nghiệm mua sắm vui vẻ tại shop. chúc bạn một ngày tốt lành !""",0,0,1
"quần đẹp vãi dày đóng gói sản phẩm tốt . có cái giao sai màu quần nha shop, trừ 1 sao nha",4,"""cảm ơn quý khách đã tin tưởng và ủng hộ 20we. hi vọng rằng,bạn đã có những trải nghiệm mua sắm vui vẻ tại shop. chúc bạn một ngày tốt lành !""",1,0,2
ship hàng hơi lâu thôi nè. nhưng chất vải thì tốt. co dãn,4,"""cảm ơn quý khách đã tin tưởng và ủng hộ 20we. hi vọng rằng,bạn đã có những trải nghiệm mua sắm vui vẻ tại shop. chúc bạn một ngày tốt lành !""",0,1,2
hàng đẹp mà dưới phần ống chân bị 1 đốm vàng nhỏ để ý kỉ mới thấy được không sao,4,"""cảm ơn quý khách đã tin tưởng và ủng hộ 20we. hi vọng rằng,bạn đã có những trải nghiệm mua sắm vui vẻ tại shop. chúc bạn một ngày tốt lành !""",0,0,2
tốt,4,"""cảm ơn quý khách đã tin tưởng và ủng hộ 20we. hi vọng rằng,bạn đã có những trải nghiệm mua sắm vui vẻ tại shop. chúc bạn một ngày tốt lành !""",0,0,1
mặc rất là ưng nhưng với giá tiền hơi mắc cần được xem xét kĩ,4,"""cảm ơn quý khách đã tin tưởng và ủng hộ 20we. hi vọng rằng,bạn đã có những trải nghiệm mua sắm vui vẻ tại shop. chúc bạn một ngày tốt lành !""",0,0,1
tiền nào của nấy nha,4,,0,0,1
đồ khá oke nhưng hơi rộng một tí ạ ! bạn nào mua nên cân nhắc kĩ size nha !,4,,0,0,1
"vải hơi mỏng,cỡ 30 mà to quát nói chung cũng tạm được",4,"""cảm ơn quý khách đã tin tưởng và ủng hộ 20we. hi vọng rằng,bạn đã có những trải nghiệm mua sắm vui vẻ tại shop. chúc bạn một ngày tốt lành !""",0,0,1
quần đẹp chất liệu tốt mặc vào lên dáng rất ok nhưng mà giao hàng hơi lâu nên cho 4 sao,4,"""cảm ơn quý khách đã tin tưởng và ủng hộ 20we. hi vọng rằng,bạn đã có những trải nghiệm mua sắm vui vẻ tại shop. chúc bạn một ngày tốt lành !""",0,0,2
"đẹp nhưng mà quần không rộng như mình nghĩ, nếu ai muốn mặc rộng thì tăng thêm 1 size nhé",4,"""cảm ơn quý khách đã tin tưởng và ủng hộ 20we. hi vọng rằng,bạn đã có những trải nghiệm mua sắm vui vẻ tại shop. chúc bạn một ngày tốt lành !""",0,0,2
cũng được,4,"""cảm ơn quý khách đã tin tưởng và ủng hộ 20we. hi vọng rằng,bạn đã có những trải nghiệm mua sắm vui vẻ tại shop. chúc bạn một ngày tốt lành !""",0,0,2
quần khá đẹp đường may chắc chắn cầu kì,4,"""cảm ơn quý khách đã tin tưởng và ủng hộ 20we. hi vọng rằng,bạn đã có những trải nghiệm mua sắm vui vẻ tại shop. chúc bạn một ngày tốt lành !""",0,0,2
sản phẩm hoàn thiện rất đẹp không có chỉ thừa lên form rất đẹp,4,"""cảm ơn quý khách đã tin tưởng và ủng hộ 20we. hi vọng rằng,bạn đã có những trải nghiệm mua sắm vui vẻ tại shop. chúc bạn một ngày tốt lành !""",0,0,1
vải giày dặn không có chỉ thừa nhưng lưng quần vừa mà ống hơi bự và dài,4,"""cảm ơn quý khách đã tin tưởng và ủng hộ 20we. hi vọng rằng,bạn đã có những trải nghiệm mua sắm vui vẻ tại shop. chúc bạn một ngày tốt lành !""",0,0,2
"quần form rất đẹp , nhưng có mùi hơi kì , giao hàng nhanh",4,"""cảm ơn quý khách đã tin tưởng và ủng hộ 20we. hi vọng rằng,bạn đã có những trải nghiệm mua sắm vui vẻ tại shop. chúc bạn một ngày tốt lành !""",0,1,2
hơi tiếc vì m57 47kg size 27 vẫm rộng,4,"""cảm ơn quý khách đã tin tưởng và ủng hộ 20we. hi vọng rằng,bạn đã có những trải nghiệm mua sắm vui vẻ tại shop. chúc bạn một ngày tốt lành !""",0,0,1
mua màu sáng sáng mà,4,"""cảm ơn quý khách đã tin tưởng và ủng hộ 20we. hi vọng rằng,bạn đã có những trải nghiệm mua sắm vui vẻ tại shop. chúc bạn một ngày tốt lành !""",0,0,1
mình đặt một kiểu lại giao kiểu khác,4,"""cảm ơn quý khách đã tin tưởng và ủng hộ 20we. hi vọng rằng,bạn đã có những trải nghiệm mua sắm vui vẻ tại shop. chúc bạn một ngày tốt lành !""",1,0,0
quần chẳng khác nào màu trắng luôn mọi người ạ chất đẹp vải dày dặn nhưng nói đúng ra thì nò là màu trắng. hơi thất vọng ,4,,0,0,2
đánh giá mang tính chất lấy xu,4,,0,0,0
v,4,,0,0,0
"hàng tốt chất lượng, nhưng mà shiper không điện cuộc mà mà để khách hàng không bắt máy, tận 3 ngày sau mới giao lại",4,,0,1,1
quần oki nhưng k như mong muốn lắm đóng gói cân thận,4,,0,0,2
quần đẹp như trong ảnh có điều giao hàng hơi lâu nên đánh giá 4 nhé còn lại ok,4,,0,0,2
khoá kéo hơi chán tí quần khá đẹp.nói chung tiền nào của đấy,4,,0,0,2
chất lượng hơn với giá tiền mà màu xanh nhạt hơi già ,4,,0,0,1
hàng tốt,4,,0,0,1
"mình cao m62, 50kg đặt size 26 mà to với dài quá trời ",4,,0,0,1
quần đẹp nhưng nhiều chỉ thừa,4,,0,0,2
"quần bị rách lỗ nhỏ nên mình không thể để 5* được, tuy nhiên giao hàng rất nhanh shop tư vấn cũng rất nhiệt tình",4,,0,0,2
quần cùng size 37 màu xanh mình mặc vừa nhưng màu đen lại chật. còn lại ok hết,4,,0,0,2
"chất lượng tốt,mặc vừa lên mẫu đẹp,cúc quần còn lõng lẽo",4,,0,0,2
"quần nhăn nheo, chất liệu vải mỏng không giống như hình",4,,0,0,2
kích cỡ mà shop đã tư vấn hơi nhỏ so với thực tế nhưng đổi hàng và trả lời vấn đề về hàng hoá nhanh và chu đáo nhưng vẫn trừ 1 sao nhá shop,4,,1,1,0
"chất ok, màu quần chưa giống lắm. nói chung ok, nhưng khi mở hộp gói hàng thì có 1 mùi hôi bốc ra, mùi rất khó chịu ",4,,0,0,2
quần khá đẹp nhưng mà mặt được 1 lần là bị đổ lông rồi mọi người cân nhắc nha nhưng mà với giá này thì phải chịu rồi,4,,0,0,2
"mặc quần vào cảm thấy rất thoải mái, giao hàng nhanh, chất liệu sản phẩm tốt, nói chung tuyệt vời ",4,,0,1,2
đặt quần màu xanh sky mà màu giống xanh nhạt hơn,4,,0,0,2
"quần hơi lắm chỉ thừa, shop chưa kĩ trong khâu may vá",4,,1,0,2
áo cũng bình thường,4,,0,0,1
"mẫu của quần thì mình rất ưng bảng size cũng chuẩn tuy nhiên quần có mùi rất khó chịu, giặt rồi mà vẫn không hết, ngoài ra khi mặc quần mình cảm thấy mặt bên trong nó kiểu bị lợn cợn cọ xát vào da nên thấy hơi ngứa ngáy. chắc quần này có cố thì mặc được mùa đông, chứ còn mua hè mặc nóng chết không chịu nổi",4,,0,0,2
"lỡ đặt size to quá, chất lượng khá ổn . chờ hàng đến tay mất cả tháng nhưng vì dịch nên thôi ạ",4,,0,1,2
quần đẹp vừa vặn với em gói hàng cẩn thận nhưng lấy ra thì quần hơi bụi với có cái gì bám nơi ý nhưng em vẫn hài lòng,4,,1,0,2
quần mặc tuy vừa nhưng cạp lại bị ngắn mặc thấy khó chịu,4,,0,0,2
chất vải tốt đấy nhưng hàng không giống mẫu ống dưới nhỏ quá  nhưng thôi với giá tiền đó thì cũng tạm được,4,,0,0,2
quần khá ổn giống mô tả mỗi tội hơi hôi lên trừ 1 sao,4,,0,0,2
chất lượng sản phẩm thì cũng ok giá tốt,4,,0,0,1
quần hơi dài,4,,0,0,2
"hàng tuy tốt, giao nhanh nhưng sai màu ",4,,0,1,1
"mùi thuốc nhuộm quá nồng, phải gọi là hắc luôn ý ",4,,0,0,0
,4,,0,0,0
"thời gian chuẩn bị hàng khá là lâu, quần size 34 mà như 32 chật bụng",4,,0,1,2
"quần đẹp , hàng giao nhanh nhưng chỉ may chưa chắc chắn",4,,1,1,2
quần đẹp . nhưng giao nhầm màu. lấy xanh nhạt lại giao xanh đậm,4,,0,1,2
quần khá là đẹp nhưng mình mặc không hợp lắm,4,,0,0,2
quần rất là oke mình cao 1m69 và nặng 50kg mặc quần size 27 vừa như in luôn bạn nào mà muốn rộng chút nữa thì đặt size 28 là đẹp luôn,4,,0,0,2
quần đẹp eo hơi nhỏ nha eo mình 83 mua size quần 29 hơi đau bụng mọi người lựa chọn kĩ thời gian giao hàng rất lâu đặt 9/9 đến 27/9 mới có hàng ,4,,0,1,2
"túi quần hơi nhỏ, chấp nhận được",4,,0,0,2
quần có vẻ không dày dặn cho lắm nhưng mặc lên cũng rất đẹp,4,,0,0,2
quần đẹp hàng chất lượng hơn hình nhưng trong lúc shop chuyển hàng cho shipper hơi lâu lên mình tặng 4 sao nhé,4,,0,1,2
,4,,0,0,0
do là quần nam nên bị rộng bụng mọi người mà 70kg nên lấy size 32 thôi,4,,0,0,2
hàng giao nhanh trong mùa dịch chất lượng tốt. nhưng mình lấy size theo bảng size mà rộng và dài quá mình cao 1m56 và nặng 45kg size 27 ,4,,0,1,2
mình cao 1m62 mặc size 27 quần vẫn chạm đất một vài cm nhé vải quần tốt. bạn nào thích rộng hẳn thì ok nhé,4,,0,0,2
áo còn rất nhiều chỉ thừa,4,,1,0,1
quần size 27 mà dài,4,,0,0,2
"chất lượng vải ok. tội giao hàng quá lâu và nhà vận chuyển thì ngâm hàng không giao, khuyên thật shopee đừng phát triển kênh giao hàng của mình",4,,0,1,0
đẹp nhưng không vừa với mình shop nhiệt tình lém,4,,1,0,1
hàng màu không giống mô tả cho lắm,4,,0,0,1
"quần màu khá đẹp, chất vải cũng ổn nhưng quần của tui bị lỗi ống cao ống thấp khoảng 1-2 phân, nên tui không hài lòng về phần này, còn với giá này thì khá hợp lý rồi cũng không đòi hỏi gì thêm, nếu shop có thể cho mình đổi hàng được không ạ",4,,1,0,2
hàng hơi nhiều chỉ thừa,4,,1,0,1
quần xanh biển hơi nhà quê chứ không phải xanh sky nha! còn lại thì ok.,4,,0,0,2
,4,,0,0,0
màu áo không giống như trong ảnh hơi thất vọng,4,,0,0,1
giao hàng nhanh nhưng quần khá rộng và sản phẩm có nhiều chỉ thừa,4,,1,1,2
vải hơi mỏng nhưng mà với giá tiền thì ok mọi người ạ,4,,0,0,1
không giống với màu trong ảnh của shop lắm,4,,0,0,0
quần không giống trong hình mấy toàn mùi thuốc tẩy với nồng lắm hơi rộng bụng ,4,,0,0,2
"chất vải tốt, không có chỉ thừa. mỗi tội hơi dài, không giống trên hình",4,,1,0,2
